Workbook
Name Bold: 'Değişkenler'!$C$12
Name criteria1: #REF!
Name criteria1: [1]'Değişkenler'!$D$49:$D$52
Name criteria1: 'Değişkenler'!$D$49:$D$52
Name criteria2: 'Değişkenler'!$E$49:$E$53
Name criteriaAP: 'Değişkenler'!$F$49:$F$50
Name CriteriaAP2: #REF!
Name CriteriaAP2: #REF!
Name CriteriaAP2: 'Aksiyon Planı'!$Q$2:$Q$3
Name extraTest: #REF!
Name extraTest: 'Denetim'!$E$2
Name IDAudit: 'TabletParametreleri'!$B$1
Name maxMPA: 'Değişkenler'!$B$26
Name minMPA: 'Değişkenler'!$B$25
Name NSAmaxC: 'Değişkenler'!$B$24
Name NSAmaxS: 'Değişkenler'!$B$22
Name NSAminC: 'Değişkenler'!$B$23
Name NSAminS: 'Değişkenler'!$B$21
Name or: [2]'Değişkenler'!$D$49:$D$52
Name Safety: 'Değişkenler'!$C$17
Name TestAudit: [3]'Değişkenler'!$I$50
Name TestAudit: 'Değişkenler'!$I$50
Name Titre_Audit: #REF!
Name Titre_Audit: 'Özet'!$C$1
Name Titre_PPQ: #REF!
Name Titre_PPQ: #REF!
Name Type_Audit: #REF!
Name Type_Audit: 'Özet'!$P$1
Name Type_PPQ: #REF!
Name Type_PPQ: #REF!
Name TypeAudit: 'TabletParametreleri'!$B$2
Name value1: #REF!
Name value1: 'Değişkenler'!$B$49:$B$55
Name value2: 'Değişkenler'!$C$49:$C$54
Name VersionAudit: 'TabletParametreleri'!$B$3

Sheet Kapak
A1: Referans: 01598_16_04265
A2: NSA - Yeni Tedarikçi Değerlendirmesi ==> SAMT No:
A3: Tedarikçi Tesis Bilgileri
A4: Tedarikçi Adı | B4: EKOL GLASS CAM SANAYİ VE TİCARET LİMİTED ŞİRKETİ
A5: Tedarikçi Adresi | B5: Vakıf Mahallesi, 9. Turan Sokak No: 1/A, Yıldırım/Bursa, Türkiye
A6: Tedarikçi DUNS / COFOR / IATF | B6: COFOR - A02K2H 01
A7: IATF numarası: | B7: -
A8: Tedarikçi Öz Değerlendirmesi
A9: Öz Değerlendirme Tarihi | B9: 20.10.2026
A10: Tedarikçi İrtibat Kişisi | B10: Batuhan Şengül
A11: E-posta ve telefon numarası | B11: batuhan.sengul@ekolglass.com / +90 545 921 28 32
A12: Yerinde Müşteri Değerlendirmesi
A13: Denetim Tarihi
A14: Denetçi Adı
A15: E-posta ve Telefon Numarası
A16: Denetimin Kapsamı
A17: Fiat Tris Sol ve Sağ Yan Kapı Sürgülü Camları

Sheet KİLİT
A1: Kilit | B1: Kapalı | D1: Kapak
A2: Yönetici | B2: Kapalı | D2: KİLİT
A3: Oluşturuldu | B3: EVET | D3: PCPA Özeti
D4: Özet
D5: Denetim
D6: Yorum Türü
D7: Aksiyon Planı
D8: Talimat ve Eğitim
D9: Aksiyon Planı Talimatı
D10: QSB+ Talimatı
D11: NSA Talimatı
D12: PCPA Talimatı
D13: Terimler Sözlüğü
D14: paramTablette
D15: Variable
D16: variableAudit

Sheet Özet
C1: NSA - Yeni Tedarikçi Değerlendirmesi | P1: GÜVENLİK
A2: Tedarikçi Adı | C2: ='Kapak'!B4 -> EKOL GLASS CAM SANAYİ VE TİCARET LİMİTED ŞİRKETİ | H2: Denetimin Kapsamı | P2: ='Kapak'!$A$17 -> Fiat Tris Sol ve Sağ Yan Kapı Sürgülü Camları
A3: Tedarikçi Adresi | C3: ='Kapak'!B5 -> Vakıf Mahallesi, 9. Turan Sokak No: 1/A, Yıldırım/Bursa, Türkiye | H3: Denetim Tarihi | P3: ='Kapak'!B13 -> 0
A4: Tedarikçi DUNS / COFOR | C4: ='Kapak'!B6 -> COFOR - A02K2H 01 | H4: Denetçi Adı | P4: ='Kapak'!B14 -> 0
A5: Önceki NSA Oranı | H5: Önceki NSA Rengi
D8: Öz Değerlendirme Puanlaması | H8: Müşteri Denetimi Puanlaması | L8: Aksiyon Planı Puanlaması
A9: Temel Unsurlar | D9: Potansiyel | E9: Toplam | F9: % | G9: Durum | H9: Potansiyel | I9: Toplam | J9: % | K9: Durum | L9: Potansiyel | M9: Toplam | N9: % | O9: Durum | P9: Yorum
A10: 1 | B10: Tesis Kurumsal Yönetimi | C10: CMP | D10: ='DenetimDeğişkenleri'!G10-'DenetimDeğişkenleri'!E10 -> 9 | E10: ='DenetimDeğişkenleri'!B10 -> 5 | F10: =IF('DenetimDeğişkenleri'!H10=0,'DenetimDeğişkenleri'!B10/('DenetimDeğişkenleri'!B10+'DenetimDeğişkenleri'!C10*Bold+'DenetimDeğişkenleri'!D10+'DenetimDeğişkenleri'!F10+'DenetimDeğişkenleri'!X10),"NR") -> 0.45454545 | G10: =IF('DenetimDeğişkenleri'!$X$10=0,IF(F10<>"NR",IF(Safety=1,IF(F10<0.9,IF(F10<0.7,"R","Y"),"G"),IF(F10<0.8,IF(F10<0.6,"R","Y"),"G")),"NR"),"R") -> R | H10: ='DenetimDeğişkenleri'!N10-'DenetimDeğişkenleri'!L10 -> 9 | I10: ='DenetimDeğişkenleri'!I10 -> 0 | J10: =IF('DenetimDeğişkenleri'!O10=0,'DenetimDeğişkenleri'!I10/('DenetimDeğişkenleri'!I10+'DenetimDeğişkenleri'!J10*Bold+'DenetimDeğişkenleri'!K10+'DenetimDeğişkenleri'!M10+'DenetimDeğişkenleri'!Y10),"NR") -> NR | K10: =IF('DenetimDeğişkenleri'!$Y$10=0,IF(J10<>"NR",IF(Safety=1,IF(J10<0.9,IF(J10<0.7,"R","Y"),"G"),IF(J10<0.8,IF(J10<0.6,"R","Y"),"G")),"NR"),"R") -> NR | L10: ='DenetimDeğişkenleri'!U10-'DenetimDeğişkenleri'!S10 -> 9 | M10: ='DenetimDeğişkenleri'!P10 -> 0 | N10: =IF('DenetimDeğişkenleri'!V10=0,'DenetimDeğişkenleri'!P10/('DenetimDeğişkenleri'!P10+'DenetimDeğişkenleri'!Q10*Bold+'DenetimDeğişkenleri'!R10+'DenetimDeğişkenleri'!T10+'DenetimDeğişkenleri'!Z10),"NR") -> NR | O10: =IF('DenetimDeğişkenleri'!$Z$10=0,IF(N10<>"NR",IF(Safety=1,IF(N10<0.9,IF(N10<0.7,"R","Y"),"G"),IF(N10<0.8,IF(N10<0.6,"R","Y"),"G")),"NR"),"R") -> NR
A11: 2 | B11: Grup Kurumsal Yönetimi | C11: CMG | D11: ='DenetimDeğişkenleri'!G11-'DenetimDeğişkenleri'!E11 -> 9 | E11: ='DenetimDeğişkenleri'!B11 -> 4 | F11: =IF('DenetimDeğişkenleri'!H11=0,'DenetimDeğişkenleri'!B11/('DenetimDeğişkenleri'!B11+'DenetimDeğişkenleri'!C11*Bold+'DenetimDeğişkenleri'!D11+'DenetimDeğişkenleri'!F11+'DenetimDeğişkenleri'!X11),"NR") -> 0.36363636 | G11: =IF('DenetimDeğişkenleri'!$X$11=0,IF(F11<>"NR",IF(Safety=1,IF(F11<0.9,IF(F11<0.7,"R","Y"),"G"),IF(F11<0.8,IF(F11<0.6,"R","Y"),"G")),"NR"),"R") -> R | H11: ='DenetimDeğişkenleri'!N11-'DenetimDeğişkenleri'!L11 -> 9 | I11: ='DenetimDeğişkenleri'!I11 -> 0 | J11: =IF('DenetimDeğişkenleri'!O11=0,'DenetimDeğişkenleri'!I11/('DenetimDeğişkenleri'!I11+'DenetimDeğişkenleri'!J11*Bold+'DenetimDeğişkenleri'!K11+'DenetimDeğişkenleri'!M11+'DenetimDeğişkenleri'!Y11),"NR") -> NR | K11: =IF('DenetimDeğişkenleri'!$Y$11=0,IF(J11<>"NR",IF(Safety=1,IF(J11<0.9,IF(J11<0.7,"R","Y"),"G"),IF(J11<0.8,IF(J11<0.6,"R","Y"),"G")),"NR"),"R") -> NR | L11: ='DenetimDeğişkenleri'!U11-'DenetimDeğişkenleri'!S11 -> 9 | M11: ='DenetimDeğişkenleri'!P11 -> 0 | N11: =IF('DenetimDeğişkenleri'!V11=0,'DenetimDeğişkenleri'!P11/('DenetimDeğişkenleri'!P11+'DenetimDeğişkenleri'!Q11*Bold+'DenetimDeğişkenleri'!R11+'DenetimDeğişkenleri'!T11+'DenetimDeğişkenleri'!Z11),"NR") -> NR | O11: =IF('DenetimDeğişkenleri'!$Z$11=0,IF(N11<>"NR",IF(Safety=1,IF(N11<0.9,IF(N11<0.7,"R","Y"),"G"),IF(N11<0.8,IF(N11<0.6,"R","Y"),"G")),"NR"),"R") -> NR
A12: 3 | B12: Hızlı Müdahale | C12: FR | D12: ='DenetimDeğişkenleri'!G12-'DenetimDeğişkenleri'!E12 -> 9 | E12: ='DenetimDeğişkenleri'!B12 -> 9 | F12: =IF('DenetimDeğişkenleri'!H12=0,'DenetimDeğişkenleri'!B12/('DenetimDeğişkenleri'!B12+'DenetimDeğişkenleri'!C12*Bold+'DenetimDeğişkenleri'!D12+'DenetimDeğişkenleri'!F12+'DenetimDeğişkenleri'!X12),"NR") -> 1 | G12: =IF('DenetimDeğişkenleri'!$X$12=0,IF(F12<>"NR",IF(Safety=1,IF(F12<0.9,IF(F12<0.7,"R","Y"),"G"),IF(F12<0.8,IF(F12<0.6,"R","Y"),"G")),"NR"),"R") -> G | H12: ='DenetimDeğişkenleri'!N12-'DenetimDeğişkenleri'!L12 -> 9 | I12: ='DenetimDeğişkenleri'!I12 -> 0 | J12: =IF('DenetimDeğişkenleri'!O12=0,'DenetimDeğişkenleri'!I12/('DenetimDeğişkenleri'!I12+'DenetimDeğişkenleri'!J12*Bold+'DenetimDeğişkenleri'!K12+'DenetimDeğişkenleri'!M12+'DenetimDeğişkenleri'!Y12),"NR") -> NR | K12: =IF('DenetimDeğişkenleri'!$Y$12=0,IF(J12<>"NR",IF(Safety=1,IF(J12<0.9,IF(J12<0.7,"R","Y"),"G"),IF(J12<0.8,IF(J12<0.6,"R","Y"),"G")),"NR"),"R") -> NR | L12: ='DenetimDeğişkenleri'!U12-'DenetimDeğişkenleri'!S12 -> 9 | M12: ='DenetimDeğişkenleri'!P12 -> 0 | N12: =IF('DenetimDeğişkenleri'!V12=0,'DenetimDeğişkenleri'!P12/('DenetimDeğişkenleri'!P12+'DenetimDeğişkenleri'!Q12*Bold+'DenetimDeğişkenleri'!R12+'DenetimDeğişkenleri'!T12+'DenetimDeğişkenleri'!Z12),"NR") -> NR | O12: =IF('DenetimDeğişkenleri'!$Z$12=0,IF(N12<>"NR",IF(Safety=1,IF(N12<0.9,IF(N12<0.7,"R","Y"),"G"),IF(N12<0.8,IF(N12<0.6,"R","Y"),"G")),"NR"),"R") -> NR
A13: 4 | B13: Parça ve Proses Kontrolü | C13: PPC | D13: ='DenetimDeğişkenleri'!G13-'DenetimDeğişkenleri'!E13 -> 9 | E13: ='DenetimDeğişkenleri'!B13 -> 6 | F13: =IF('DenetimDeğişkenleri'!H13=0,'DenetimDeğişkenleri'!B13/('DenetimDeğişkenleri'!B13+'DenetimDeğişkenleri'!C13*Bold+'DenetimDeğişkenleri'!D13+'DenetimDeğişkenleri'!F13+'DenetimDeğişkenleri'!X13),"NR") -> 0.6 | G13: =IF('DenetimDeğişkenleri'!$X$13=0,IF(F13<>"NR",IF(Safety=1,IF(F13<0.9,IF(F13<0.7,"R","Y"),"G"),IF(F13<0.8,IF(F13<0.6,"R","Y"),"G")),"NR"),"R") -> R | H13: ='DenetimDeğişkenleri'!N13-'DenetimDeğişkenleri'!L13 -> 9 | I13: ='DenetimDeğişkenleri'!I13 -> 0 | J13: =IF('DenetimDeğişkenleri'!O13=0,'DenetimDeğişkenleri'!I13/('DenetimDeğişkenleri'!I13+'DenetimDeğişkenleri'!J13*Bold+'DenetimDeğişkenleri'!K13+'DenetimDeğişkenleri'!M13+'DenetimDeğişkenleri'!Y13),"NR") -> NR | K13: =IF('DenetimDeğişkenleri'!$Y$13=0,IF(J13<>"NR",IF(Safety=1,IF(J13<0.9,IF(J13<0.7,"R","Y"),"G"),IF(J13<0.8,IF(J13<0.6,"R","Y"),"G")),"NR"),"R") -> NR | L13: ='DenetimDeğişkenleri'!U13-'DenetimDeğişkenleri'!S13 -> 9 | M13: ='DenetimDeğişkenleri'!P13 -> 0 | N13: =IF('DenetimDeğişkenleri'!V13=0,'DenetimDeğişkenleri'!P13/('DenetimDeğişkenleri'!P13+'DenetimDeğişkenleri'!Q13*Bold+'DenetimDeğişkenleri'!R13+'DenetimDeğişkenleri'!T13+'DenetimDeğişkenleri'!Z13),"NR") -> NR | O13: =IF('DenetimDeğişkenleri'!$Z$13=0,IF(N13<>"NR",IF(Safety=1,IF(N13<0.9,IF(N13<0.7,"R","Y"),"G"),IF(N13<0.8,IF(N13<0.6,"R","Y"),"G")),"NR"),"R") -> NR
A14: 5 | B14: Üretim Başlangıcı ve Hata Önleme Yönetimi | C14: SP&EP | D14: ='DenetimDeğişkenleri'!G14-'DenetimDeğişkenleri'!E14 -> 9 | E14: ='DenetimDeğişkenleri'!B14 -> 7 | F14: =IF('DenetimDeğişkenleri'!H14=0,'DenetimDeğişkenleri'!B14/('DenetimDeğişkenleri'!B14+'DenetimDeğişkenleri'!C14*Bold+'DenetimDeğişkenleri'!D14+'DenetimDeğişkenleri'!F14+'DenetimDeğişkenleri'!X14),"NR") -> 0.63636364 | G14: =IF('DenetimDeğişkenleri'!$X$14=0,IF(F14<>"NR",IF(Safety=1,IF(F14<0.9,IF(F14<0.7,"R","Y"),"G"),IF(F14<0.8,IF(F14<0.6,"R","Y"),"G")),"NR"),"R") -> R | H14: ='DenetimDeğişkenleri'!N14-'DenetimDeğişkenleri'!L14 -> 9 | I14: ='DenetimDeğişkenleri'!I14 -> 0 | J14: =IF('DenetimDeğişkenleri'!O14=0,'DenetimDeğişkenleri'!I14/('DenetimDeğişkenleri'!I14+'DenetimDeğişkenleri'!J14*Bold+'DenetimDeğişkenleri'!K14+'DenetimDeğişkenleri'!M14+'DenetimDeğişkenleri'!Y14),"NR") -> NR | K14: =IF('DenetimDeğişkenleri'!$Y$14=0,IF(J14<>"NR",IF(Safety=1,IF(J14<0.9,IF(J14<0.7,"R","Y"),"G"),IF(J14<0.8,IF(J14<0.6,"R","Y"),"G")),"NR"),"R") -> NR | L14: ='DenetimDeğişkenleri'!U14-'DenetimDeğişkenleri'!S14 -> 9 | M14: ='DenetimDeğişkenleri'!P14 -> 0 | N14: =IF('DenetimDeğişkenleri'!V14=0,'DenetimDeğişkenleri'!P14/('DenetimDeğişkenleri'!P14+'DenetimDeğişkenleri'!Q14*Bold+'DenetimDeğişkenleri'!R14+'DenetimDeğişkenleri'!T14+'DenetimDeğişkenleri'!Z14),"NR") -> NR | O14: =IF('DenetimDeğişkenleri'!$Z$14=0,IF(N14<>"NR",IF(Safety=1,IF(N14<0.9,IF(N14<0.7,"R","Y"),"G"),IF(N14<0.8,IF(N14<0.6,"R","Y"),"G")),"NR"),"R") -> NR
A15: 6 | B15: Garanti Sorunlarının Yönetimi | C15: WIM | D15: ='DenetimDeğişkenleri'!G15-'DenetimDeğişkenleri'!E15 -> 6 | E15: ='DenetimDeğişkenleri'!B15 -> 4 | F15: =IF('DenetimDeğişkenleri'!H15=0,'DenetimDeğişkenleri'!B15/('DenetimDeğişkenleri'!B15+'DenetimDeğişkenleri'!C15*Bold+'DenetimDeğişkenleri'!D15+'DenetimDeğişkenleri'!F15+'DenetimDeğişkenleri'!X15),"NR") -> 0.57142857 | G15: =IF('DenetimDeğişkenleri'!$X$15=0,IF(F15<>"NR",IF(Safety=1,IF(F15<0.9,IF(F15<0.7,"R","Y"),"G"),IF(F15<0.8,IF(F15<0.6,"R","Y"),"G")),"NR"),"R") -> R | H15: ='DenetimDeğişkenleri'!N15-'DenetimDeğişkenleri'!L15 -> 6 | I15: ='DenetimDeğişkenleri'!I15 -> 0 | J15: =IF('DenetimDeğişkenleri'!O15=0,'DenetimDeğişkenleri'!I15/('DenetimDeğişkenleri'!I15+'DenetimDeğişkenleri'!J15*Bold+'DenetimDeğişkenleri'!K15+'DenetimDeğişkenleri'!M15+'DenetimDeğişkenleri'!Y15),"NR") -> NR | K15: =IF('DenetimDeğişkenleri'!$Y$15=0,IF(J15<>"NR",IF(Safety=1,IF(J15<0.9,IF(J15<0.7,"R","Y"),"G"),IF(J15<0.8,IF(J15<0.6,"R","Y"),"G")),"NR"),"R") -> NR | L15: ='DenetimDeğişkenleri'!U15-'DenetimDeğişkenleri'!S15 -> 6 | M15: ='DenetimDeğişkenleri'!P15 -> 0 | N15: =IF('DenetimDeğişkenleri'!V15=0,'DenetimDeğişkenleri'!P15/('DenetimDeğişkenleri'!P15+'DenetimDeğişkenleri'!Q15*Bold+'DenetimDeğişkenleri'!R15+'DenetimDeğişkenleri'!T15+'DenetimDeğişkenleri'!Z15),"NR") -> NR | O15: =IF('DenetimDeğişkenleri'!$Z$15=0,IF(N15<>"NR",IF(Safety=1,IF(N15<0.9,IF(N15<0.7,"R","Y"),"G"),IF(N15<0.8,IF(N15<0.6,"R","Y"),"G")),"NR"),"R") -> NR
A16: 7 | B16: Standartlaştırılmış İş | C16: SW | D16: ='DenetimDeğişkenleri'!G16-'DenetimDeğişkenleri'!E16 -> 9 | E16: ='DenetimDeğişkenleri'!B16 -> 8 | F16: =IF('DenetimDeğişkenleri'!H16=0,'DenetimDeğişkenleri'!B16/('DenetimDeğişkenleri'!B16+'DenetimDeğişkenleri'!C16*Bold+'DenetimDeğişkenleri'!D16+'DenetimDeğişkenleri'!F16+'DenetimDeğişkenleri'!X16),"NR") -> 0.8 | G16: =IF('DenetimDeğişkenleri'!$X$16=0,IF(F16<>"NR",IF(Safety=1,IF(F16<0.9,IF(F16<0.7,"R","Y"),"G"),IF(F16<0.8,IF(F16<0.6,"R","Y"),"G")),"NR"),"R") -> Y | H16: ='DenetimDeğişkenleri'!N16-'DenetimDeğişkenleri'!L16 -> 9 | I16: ='DenetimDeğişkenleri'!I16 -> 0 | J16: =IF('DenetimDeğişkenleri'!O16=0,'DenetimDeğişkenleri'!I16/('DenetimDeğişkenleri'!I16+'DenetimDeğişkenleri'!J16*Bold+'DenetimDeğişkenleri'!K16+'DenetimDeğişkenleri'!M16+'DenetimDeğişkenleri'!Y16),"NR") -> NR | K16: =IF('DenetimDeğişkenleri'!$Y$16=0,IF(J16<>"NR",IF(Safety=1,IF(J16<0.9,IF(J16<0.7,"R","Y"),"G"),IF(J16<0.8,IF(J16<0.6,"R","Y"),"G")),"NR"),"R") -> NR | L16: ='DenetimDeğişkenleri'!U16-'DenetimDeğişkenleri'!S16 -> 9 | M16: ='DenetimDeğişkenleri'!P16 -> 0 | N16: =IF('DenetimDeğişkenleri'!V16=0,'DenetimDeğişkenleri'!P16/('DenetimDeğişkenleri'!P16+'DenetimDeğişkenleri'!Q16*Bold+'DenetimDeğişkenleri'!R16+'DenetimDeğişkenleri'!T16+'DenetimDeğişkenleri'!Z16),"NR") -> NR | O16: =IF('DenetimDeğişkenleri'!$Z$16=0,IF(N16<>"NR",IF(Safety=1,IF(N16<0.9,IF(N16<0.7,"R","Y"),"G"),IF(N16<0.8,IF(N16<0.6,"R","Y"),"G")),"NR"),"R") -> NR
A17: 8 | B17: Risk Azaltma | C17: RR | D17: ='DenetimDeğişkenleri'!G17-'DenetimDeğişkenleri'!E17 -> 9 | E17: ='DenetimDeğişkenleri'!B17 -> 7 | F17: =IF('DenetimDeğişkenleri'!H17=0,'DenetimDeğişkenleri'!B17/('DenetimDeğişkenleri'!B17+'DenetimDeğişkenleri'!C17*Bold+'DenetimDeğişkenleri'!D17+'DenetimDeğişkenleri'!F17+'DenetimDeğişkenleri'!X17),"NR") -> 0.7 | G17: =IF('DenetimDeğişkenleri'!$X$17=0,IF(F17<>"NR",IF(Safety=1,IF(F17<0.9,IF(F17<0.7,"R","Y"),"G"),IF(F17<0.8,IF(F17<0.6,"R","Y"),"G")),"NR"),"R") -> Y | H17: ='DenetimDeğişkenleri'!N17-'DenetimDeğişkenleri'!L17 -> 9 | I17: ='DenetimDeğişkenleri'!I17 -> 0 | J17: =IF('DenetimDeğişkenleri'!O17=0,'DenetimDeğişkenleri'!I17/('DenetimDeğişkenleri'!I17+'DenetimDeğişkenleri'!J17*Bold+'DenetimDeğişkenleri'!K17+'DenetimDeğişkenleri'!M17+'DenetimDeğişkenleri'!Y17),"NR") -> NR | K17: =IF('DenetimDeğişkenleri'!$Y$17=0,IF(J17<>"NR",IF(Safety=1,IF(J17<0.9,IF(J17<0.7,"R","Y"),"G"),IF(J17<0.8,IF(J17<0.6,"R","Y"),"G")),"NR"),"R") -> NR | L17: ='DenetimDeğişkenleri'!U17-'DenetimDeğişkenleri'!S17 -> 9 | M17: ='DenetimDeğişkenleri'!P17 -> 0 | N17: =IF('DenetimDeğişkenleri'!V17=0,'DenetimDeğişkenleri'!P17/('DenetimDeğişkenleri'!P17+'DenetimDeğişkenleri'!Q17*Bold+'DenetimDeğişkenleri'!R17+'DenetimDeğişkenleri'!T17+'DenetimDeğişkenleri'!Z17),"NR") -> NR | O17: =IF('DenetimDeğişkenleri'!$Z$17=0,IF(N17<>"NR",IF(Safety=1,IF(N17<0.9,IF(N17<0.7,"R","Y"),"G"),IF(N17<0.8,IF(N17<0.6,"R","Y"),"G")),"NR"),"R") -> NR
A18: 9 | B18: Değişiklik Yönetimi | C18: MC | D18: ='DenetimDeğişkenleri'!G18-'DenetimDeğişkenleri'!E18 -> 3 | E18: ='DenetimDeğişkenleri'!B18 -> 2 | F18: =IF('DenetimDeğişkenleri'!H18=0,'DenetimDeğişkenleri'!B18/('DenetimDeğişkenleri'!B18+'DenetimDeğişkenleri'!C18*Bold+'DenetimDeğişkenleri'!D18+'DenetimDeğişkenleri'!F18+'DenetimDeğişkenleri'!X18),"NR") -> 0.5 | G18: =IF('DenetimDeğişkenleri'!$X$18=0,IF(F18<>"NR",IF(Safety=1,IF(F18<0.9,IF(F18<0.7,"R","Y"),"G"),IF(F18<0.8,IF(F18<0.6,"R","Y"),"G")),"NR"),"R") -> R | H18: ='DenetimDeğişkenleri'!N18-'DenetimDeğişkenleri'!L18 -> 3 | I18: ='DenetimDeğişkenleri'!I18 -> 0 | J18: =IF('DenetimDeğişkenleri'!O18=0,'DenetimDeğişkenleri'!I18/('DenetimDeğişkenleri'!I18+'DenetimDeğişkenleri'!J18*Bold+'DenetimDeğişkenleri'!K18+'DenetimDeğişkenleri'!M18+'DenetimDeğişkenleri'!Y18),"NR") -> NR | K18: =IF('DenetimDeğişkenleri'!$Y$18=0,IF(J18<>"NR",IF(Safety=1,IF(J18<0.9,IF(J18<0.7,"R","Y"),"G"),IF(J18<0.8,IF(J18<0.6,"R","Y"),"G")),"NR"),"R") -> NR | L18: ='DenetimDeğişkenleri'!U18-'DenetimDeğişkenleri'!S18 -> 3 | M18: ='DenetimDeğişkenleri'!P18 -> 0 | N18: =IF('DenetimDeğişkenleri'!V18=0,'DenetimDeğişkenleri'!P18/('DenetimDeğişkenleri'!P18+'DenetimDeğişkenleri'!Q18*Bold+'DenetimDeğişkenleri'!R18+'DenetimDeğişkenleri'!T18+'DenetimDeğişkenleri'!Z18),"NR") -> NR | O18: =IF('DenetimDeğişkenleri'!$Z$18=0,IF(N18<>"NR",IF(Safety=1,IF(N18<0.9,IF(N18<0.7,"R","Y"),"G"),IF(N18<0.8,IF(N18<0.6,"R","Y"),"G")),"NR"),"R") -> NR
A19: 10 | B19: Bakım | C19: MAI | D19: ='DenetimDeğişkenleri'!G19-'DenetimDeğişkenleri'!E19 -> 6 | E19: ='DenetimDeğişkenleri'!B19 -> 4 | F19: =IF('DenetimDeğişkenleri'!H19=0,'DenetimDeğişkenleri'!B19/('DenetimDeğişkenleri'!B19+'DenetimDeğişkenleri'!C19*Bold+'DenetimDeğişkenleri'!D19+'DenetimDeğişkenleri'!F19+'DenetimDeğişkenleri'!X19),"NR") -> 0.5 | G19: =IF('DenetimDeğişkenleri'!$X$19=0,IF(F19<>"NR",IF(Safety=1,IF(F19<0.9,IF(F19<0.7,"R","Y"),"G"),IF(F19<0.8,IF(F19<0.6,"R","Y"),"G")),"NR"),"R") -> R | H19: ='DenetimDeğişkenleri'!N19-'DenetimDeğişkenleri'!L19 -> 6 | I19: ='DenetimDeğişkenleri'!I19 -> 0 | J19: =IF('DenetimDeğişkenleri'!O19=0,'DenetimDeğişkenleri'!I19/('DenetimDeğişkenleri'!I19+'DenetimDeğişkenleri'!J19*Bold+'DenetimDeğişkenleri'!K19+'DenetimDeğişkenleri'!M19+'DenetimDeğişkenleri'!Y19),"NR") -> NR | K19: =IF('DenetimDeğişkenleri'!$Y$19=0,IF(J19<>"NR",IF(Safety=1,IF(J19<0.9,IF(J19<0.7,"R","Y"),"G"),IF(J19<0.8,IF(J19<0.6,"R","Y"),"G")),"NR"),"R") -> NR | L19: ='DenetimDeğişkenleri'!U19-'DenetimDeğişkenleri'!S19 -> 6 | M19: ='DenetimDeğişkenleri'!P19 -> 0 | N19: =IF('DenetimDeğişkenleri'!V19=0,'DenetimDeğişkenleri'!P19/('DenetimDeğişkenleri'!P19+'DenetimDeğişkenleri'!Q19*Bold+'DenetimDeğişkenleri'!R19+'DenetimDeğişkenleri'!T19+'DenetimDeğişkenleri'!Z19),"NR") -> NR | O19: =IF('DenetimDeğişkenleri'!$Z$19=0,IF(N19<>"NR",IF(Safety=1,IF(N19<0.9,IF(N19<0.7,"R","Y"),"G"),IF(N19<0.8,IF(N19<0.6,"R","Y"),"G")),"NR"),"R") -> NR
A20: 11 | B20: Üretim ve Malzeme Akışı Yönetimi | C20: MMFM | D20: ='DenetimDeğişkenleri'!G20-'DenetimDeğişkenleri'!E20 -> 6 | E20: ='DenetimDeğişkenleri'!B20 -> 6 | F20: =IF('DenetimDeğişkenleri'!H20=0,'DenetimDeğişkenleri'!B20/('DenetimDeğişkenleri'!B20+'DenetimDeğişkenleri'!C20*Bold+'DenetimDeğişkenleri'!D20+'DenetimDeğişkenleri'!F20+'DenetimDeğişkenleri'!X20),"NR") -> 1 | G20: =IF('DenetimDeğişkenleri'!$X$20=0,IF(F20<>"NR",IF(Safety=1,IF(F20<0.9,IF(F20<0.7,"R","Y"),"G"),IF(F20<0.8,IF(F20<0.6,"R","Y"),"G")),"NR"),"R") -> G | H20: ='DenetimDeğişkenleri'!N20-'DenetimDeğişkenleri'!L20 -> 6 | I20: ='DenetimDeğişkenleri'!I20 -> 0 | J20: =IF('DenetimDeğişkenleri'!O20=0,'DenetimDeğişkenleri'!I20/('DenetimDeğişkenleri'!I20+'DenetimDeğişkenleri'!J20*Bold+'DenetimDeğişkenleri'!K20+'DenetimDeğişkenleri'!M20+'DenetimDeğişkenleri'!Y20),"NR") -> NR | K20: =IF('DenetimDeğişkenleri'!$Y$20=0,IF(J20<>"NR",IF(Safety=1,IF(J20<0.9,IF(J20<0.7,"R","Y"),"G"),IF(J20<0.8,IF(J20<0.6,"R","Y"),"G")),"NR"),"R") -> NR | L20: ='DenetimDeğişkenleri'!U20-'DenetimDeğişkenleri'!S20 -> 6 | M20: ='DenetimDeğişkenleri'!P20 -> 0 | N20: =IF('DenetimDeğişkenleri'!V20=0,'DenetimDeğişkenleri'!P20/('DenetimDeğişkenleri'!P20+'DenetimDeğişkenleri'!Q20*Bold+'DenetimDeğişkenleri'!R20+'DenetimDeğişkenleri'!T20+'DenetimDeğişkenleri'!Z20),"NR") -> NR | O20: =IF('DenetimDeğişkenleri'!$Z$20=0,IF(N20<>"NR",IF(Safety=1,IF(N20<0.9,IF(N20<0.7,"R","Y"),"G"),IF(N20<0.8,IF(N20<0.6,"R","Y"),"G")),"NR"),"R") -> NR
A21: 12 | B21: Lojistik | C21: LOG | D21: ='DenetimDeğişkenleri'!G21-'DenetimDeğişkenleri'!E21 -> 9 | E21: ='DenetimDeğişkenleri'!B21 -> 8 | F21: =IF('DenetimDeğişkenleri'!H21=0,'DenetimDeğişkenleri'!B21/('DenetimDeğişkenleri'!B21+'DenetimDeğişkenleri'!C21*Bold+'DenetimDeğişkenleri'!D21+'DenetimDeğişkenleri'!F21+'DenetimDeğişkenleri'!X21),"NR") -> 0.8 | G21: =IF('DenetimDeğişkenleri'!$X$21=0,IF(F21<>"NR",IF(Safety=1,IF(F21<0.9,IF(F21<0.7,"R","Y"),"G"),IF(F21<0.8,IF(F21<0.6,"R","Y"),"G")),"NR"),"R") -> Y | H21: ='DenetimDeğişkenleri'!N21-'DenetimDeğişkenleri'!L21 -> 9 | I21: ='DenetimDeğişkenleri'!I21 -> 0 | J21: =IF('DenetimDeğişkenleri'!O21=0,'DenetimDeğişkenleri'!I21/('DenetimDeğişkenleri'!I21+'DenetimDeğişkenleri'!J21*Bold+'DenetimDeğişkenleri'!K21+'DenetimDeğişkenleri'!M21+'DenetimDeğişkenleri'!Y21),"NR") -> NR | K21: =IF('DenetimDeğişkenleri'!$Y$21=0,IF(J21<>"NR",IF(Safety=1,IF(J21<0.9,IF(J21<0.7,"R","Y"),"G"),IF(J21<0.8,IF(J21<0.6,"R","Y"),"G")),"NR"),"R") -> NR | L21: ='DenetimDeğişkenleri'!U21-'DenetimDeğişkenleri'!S21 -> 9 | M21: ='DenetimDeğişkenleri'!P21 -> 0 | N21: =IF('DenetimDeğişkenleri'!V21=0,'DenetimDeğişkenleri'!P21/('DenetimDeğişkenleri'!P21+'DenetimDeğişkenleri'!Q21*Bold+'DenetimDeğişkenleri'!R21+'DenetimDeğişkenleri'!T21+'DenetimDeğişkenleri'!Z21),"NR") -> NR | O21: =IF('DenetimDeğişkenleri'!$Z$21=0,IF(N21<>"NR",IF(Safety=1,IF(N21<0.9,IF(N21<0.7,"R","Y"),"G"),IF(N21<0.8,IF(N21<0.6,"R","Y"),"G")),"NR"),"R") -> NR
A22: 13 | B22: Katmanlı Proses Denetimi ve Yetkinlik Yönetimi | C22: LPASK | D22: ='DenetimDeğişkenleri'!G22-'DenetimDeğişkenleri'!E22 -> 9 | E22: ='DenetimDeğişkenleri'!B22 -> 7 | F22: =IF('DenetimDeğişkenleri'!H22=0,'DenetimDeğişkenleri'!B22/('DenetimDeğişkenleri'!B22+'DenetimDeğişkenleri'!C22*Bold+'DenetimDeğişkenleri'!D22+'DenetimDeğişkenleri'!F22+'DenetimDeğişkenleri'!X22),"NR") -> 0.63636364 | G22: =IF('DenetimDeğişkenleri'!$X$22=0,IF(F22<>"NR",IF(Safety=1,IF(F22<0.9,IF(F22<0.7,"R","Y"),"G"),IF(F22<0.8,IF(F22<0.6,"R","Y"),"G")),"NR"),"R") -> R | H22: ='DenetimDeğişkenleri'!N22-'DenetimDeğişkenleri'!L22 -> 9 | I22: ='DenetimDeğişkenleri'!I22 -> 0 | J22: =IF('DenetimDeğişkenleri'!O22=0,'DenetimDeğişkenleri'!I22/('DenetimDeğişkenleri'!I22+'DenetimDeğişkenleri'!J22*Bold+'DenetimDeğişkenleri'!K22+'DenetimDeğişkenleri'!M22+'DenetimDeğişkenleri'!Y22),"NR") -> NR | K22: =IF('DenetimDeğişkenleri'!$Y$22=0,IF(J22<>"NR",IF(Safety=1,IF(J22<0.9,IF(J22<0.7,"R","Y"),"G"),IF(J22<0.8,IF(J22<0.6,"R","Y"),"G")),"NR"),"R") -> NR | L22: ='DenetimDeğişkenleri'!U22-'DenetimDeğişkenleri'!S22 -> 9 | M22: ='DenetimDeğişkenleri'!P22 -> 0 | N22: =IF('DenetimDeğişkenleri'!V22=0,'DenetimDeğişkenleri'!P22/('DenetimDeğişkenleri'!P22+'DenetimDeğişkenleri'!Q22*Bold+'DenetimDeğişkenleri'!R22+'DenetimDeğişkenleri'!T22+'DenetimDeğişkenleri'!Z22),"NR") -> NR | O22: =IF('DenetimDeğişkenleri'!$Z$22=0,IF(N22<>"NR",IF(Safety=1,IF(N22<0.9,IF(N22<0.7,"R","Y"),"G"),IF(N22<0.8,IF(N22<0.6,"R","Y"),"G")),"NR"),"R") -> NR
A23: 14 | B23: Alt Kademe (Tier N) Tedarikçi Yönetimi | C23: EK | D23: =COUNTIFS('Denetim'!$F:$F,"X") -> 9 | E23: =COUNTIFS('Denetim'!$F:$F,"X",'Denetim'!$O:$O,"OK") -> 5 | F23: =IF(AND('DenetimDeğişkenleri'!$H$6=0,'DenetimDeğişkenleri'!$F$6<('DenetimDeğişkenleri'!$G$6-1-'DenetimDeğişkenleri'!$E$6)/5),'DenetimDeğişkenleri'!$B$6/('DenetimDeğişkenleri'!$B$6+'DenetimDeğişkenleri'!$C$6*Bold+'DenetimDeğişkenleri'!$D$6+'DenetimDeğişkenleri'!$F$6+'DenetimDeğişkenleri'!$X$6),"NR") -> 0.65254237 | G23: =IF(F23<>"NR",IF(F23<0.7,"R",IF(F23<0.9,"Y","G")),"NR") -> R | H23: =COUNTIFS('Denetim'!$F:$F,"X") -> 9 | I23: =COUNTIFS('Denetim'!$F:$F,"X",'Denetim'!$P:$P,"OK") -> 0 | J23: =IF(AND('DenetimDeğişkenleri'!$O$6=0,'DenetimDeğişkenleri'!$M$6<('DenetimDeğişkenleri'!$N$6-1-'DenetimDeğişkenleri'!$L$6)/5),'DenetimDeğişkenleri'!$I$6/('DenetimDeğişkenleri'!$I$6+'DenetimDeğişkenleri'!$J$6*Bold+'DenetimDeğişkenleri'!$K$6+'DenetimDeğişkenleri'!$M$6+'DenetimDeğişkenleri'!$Y$6),"NR") -> NR | K23: =IF(J23<>"NR",IF(J23<0.7,"R",IF(J23<0.9,"Y","G")),"NR") -> NR | L23: =COUNTIFS('Denetim'!$F:$F,"X") -> 9 | M23: =COUNTIFS('Denetim'!$F:$F,"X",'Denetim'!$Q:$Q,"OK") -> 0 | N23: =IF(AND('DenetimDeğişkenleri'!$V$6=0,'DenetimDeğişkenleri'!$T$6<('DenetimDeğişkenleri'!$U$6-1-'DenetimDeğişkenleri'!$S$6)/5),'DenetimDeğişkenleri'!$P$6/('DenetimDeğişkenleri'!$P$6+'DenetimDeğişkenleri'!$Q$6*Bold+'DenetimDeğişkenleri'!$R$6+'DenetimDeğişkenleri'!$T$6+'DenetimDeğişkenleri'!$Z$6),"NR") -> NR | O23: =IF(N23<>"NR",IF(N23<0.7,"R",IF(N23<0.9,"Y","G")),"NR") -> NR
B24: Denetim Özeti Toplam Puan | D24: =SUM(D$10:D22) -> 102 | E24: =SUM(E$10:E22) -> 77 | F24: =IF('DenetimDeğişkenleri'!$H$6=0,'DenetimDeğişkenleri'!$B$6/('DenetimDeğişkenleri'!$B$6+'DenetimDeğişkenleri'!$C$6*Bold+'DenetimDeğişkenleri'!$D$6+'DenetimDeğişkenleri'!$F$6+'DenetimDeğişkenleri'!$X$6),"NR") -> 0.65254237 | G24: =IF(COUNTIF(F$10:F22,"<=0,33")>=2,"R",IF(F24="NR","NR",IF(F24<0.7,"R",IF(F24<0.9,"Y","G")))) -> R | H24: =SUM(H$10:H22) -> 102 | I24: =SUM(I$10:I22) -> 0 | J24: =IF('DenetimDeğişkenleri'!$O$6=0,'DenetimDeğişkenleri'!$I$6/('DenetimDeğişkenleri'!$I$6+'DenetimDeğişkenleri'!$J$6*Bold+'DenetimDeğişkenleri'!$K$6+'DenetimDeğişkenleri'!$M$6+'DenetimDeğişkenleri'!$Y$6),"NR") -> NR | K24: =IF(COUNTIF(J$10:J22,"<=0,33")>=2,"R",IF(J24="NR","NR",IF(J24<0.7,"R",IF(J24<0.9,"Y","G")))) -> NR | L24: =SUM(L$10:L22) -> 102 | M24: =SUM(M$10:M22) -> 0 | N24: =IF('DenetimDeğişkenleri'!$V$6=0,'DenetimDeğişkenleri'!$P$6/('DenetimDeğişkenleri'!$P$6+'DenetimDeğişkenleri'!$Q$6*Bold+'DenetimDeğişkenleri'!$R$6+'DenetimDeğişkenleri'!$T$6+'DenetimDeğişkenleri'!$Z$6),"NR") -> NR | O24: =IF(COUNTIF(N$10:N22,"<=0,33")>=2,"R",IF(N24="NR","NR",IF(N24<0.7,"R",IF(N24<0.9,"Y","G")))) -> NR | P24: İki temel unsur %33 puan alırsa sonuç Kırmızı olur. Puanlama sınırları, güvenlik bileşeninin özelliklerine bağlıdır.
B25: Denetim Sonucu | D25: =IF(G24="G","Önerilir",IF(G24="Y","Aksiyon planıyla önerilir",IF(G24="NR","Değerlendirme Dışı","Önerilmez"))) -> Önerilmez | H25: =IF(K24="G","Önerilir",IF(K24="Y","Aksiyon planıyla önerilir",IF(K24="NR","Değerlendirme Dışı","Önerilmez"))) -> Değerlendirme Dışı | L25: =IF(O24="G","Önerilir",IF(O24="Y","Aksiyon planı tamamlanmadı",IF(O24="NR","Değerlendirme Dışı","Önerilmez"))) -> Değerlendirme Dışı | P25: Yeşil - Önerilir Sarı - Aksiyon planıyla önerilir Kırmızı - Önerilmez Değerlendirme dışı: Gerekliliklerin %90'ından azı puanlanmış; yeniden değerlendirme gerekir.
B26: Genel Yorum

Sheet Özet_Geçici
A2: Tedarikçi Adı | C2: ='Kapak'!B4 -> EKOL GLASS CAM SANAYİ VE TİCARET LİMİTED ŞİRKETİ | H2: Denetimin Kapsamı | P2: ='Kapak'!$B$17 -> 0
A3: Tedarikçi Adresi | C3: ='Kapak'!B5 -> Vakıf Mahallesi, 9. Turan Sokak No: 1/A, Yıldırım/Bursa, Türkiye | H3: Denetim Tarihi | P3: ='Kapak'!A13
A4: Tedarikçi DUNS / COFOR | C4: ='Kapak'!B6 -> COFOR - A02K2H 01 | H4: Denetçi Adı | P4: ='Kapak'!B14 -> 0
A5: Önceki MPA Oranı | H5: Önceki MPA Rengi
D8: Öz Değerlendirme Puanlaması | H8: STELLANTIS Denetim Puanlaması | L8: Aksiyon Planı Puanlaması
A9: Temel Unsurlar | D9: Potansiyel | E9: Toplam | F9: % | G9: Durum | H9: Potansiyel | I9: Toplam | J9: % | K9: Durum | L9: Potansiyel | M9: Toplam | N9: % | O9: Durum | P9: Yorum
A11: 16 | B11: Alt Kademe (Tier N) Tedarikçi Yönetimi | C11: EK
B12: Denetim Özeti Toplam Puan
B13: Denetim Sonucu
B14: Genel Yorum

Sheet Denetim
A1: MRS Sürümü: 8.0 (revizyon tarihi: 16/09/2026) | W1: =IF('TabletParametreleri'!$B$2=W3,"X","") | X1: =IF('TabletParametreleri'!$B$2=X3,"X","") -> X | Y1: =IF('TabletParametreleri'!$B$2=Y3,"X","") | Z1: =IF('TabletParametreleri'!$B$2=Z3,"X","") | AA1: =IF('TabletParametreleri'!$B$2=AA3,"X","") | AB1: =IF('TabletParametreleri'!$B$2=AB3,"X","") | AC1: =IF('TabletParametreleri'!$B$2=AC3,"X","") | AD1: =IF('TabletParametreleri'!$B$2=AD3,"X","") | ... AG1: =IF('TabletParametreleri'!$B$2=AG3,"X","") | AKP1: 3
E2: =COUNTIF($F:$F,"X") -> 9 | O2: Tedarikçi | P2: STELLANTIS GÜNCEL DENETİMİ | W2: Olası denetimler
A3: Madde | B3: Gereklilik | F3: EK PUANLAMA | G3: TEMEL | H3: İLAVE | I3: MADDE | K3: ÜRETİM SAHASI | L3: Kriter No | M3: Kriter gerekliliği | N3: İncelenecek Hususlar | O3: Kriter Puanlaması (OK / NOK) | P3: Kriter Puanlaması (OK / NOK) | Q3: Kriter Aksiyon Planı [GİZLİ] | R3: Tedarikçi Yorumu | S3: Stellantis Yorumu | W3: =Tableau1[[#Headers],[MPA1]] -> MPA1 | X3: =Tableau1[[#Headers],[NSA]] -> NSA | Y3: =Tableau1[[#Headers],[MPA2]] -> MPA2 | Z3: =Tableau1[[#Headers],[PPQ_KOM]] -> PPQ_KOM | AA3: =Tableau1[[#Headers],[PPQ_TKO]] -> PPQ_TKO | AB3: =Tableau1[[#Headers],[PPQ_OT]] -> PPQ_OT | AC3: =Tableau1[[#Headers],[PPQ_PPAP]] -> PPQ_PPAP | AD3: =Tableau1[[#Headers],[PPQ_End_Dev]] -> PPQ_End_Dev | AE3: =Tableau1[[#Headers],[PPQ_Mass_prod]] -> PPQ_Mass_prod | AF3: =Tableau1[[#Headers],[PPQ_Safe_Launch]] -> PPQ_Safe_Launch | AG3: =Tableau1[[#Headers],[PPQ_PFMEA]] -> PPQ_PFMEA
A4: Tesis Kurumsal Yönetimi | Y4: 2 | AI4: X
A5: CMP1 | B5: IATF 16949 ve Müşteri Dokümantasyonu | F5: X | G5: X | L5: CMP11 | M5: Tesis, IATF 16949 sertifikasına sahiptir. | N5: Kontrol edin: Denetim öncesinde sertifikanın geçerli olduğunu doğrulayın: - Teklif listesinde bulunmuyorsa tedarikçiden sertifika numarasını isteyin. - Sertifika yoksa (geri çekilmiş, iptal edilmiş veya süresi dolmuşsa) ya da askıya alınmışsa bir aksiyon planının uygulandığını doğrulayın. Denetim sırasında son denetimi (uygunsuzluklar ve aksiyon planı) inceleyin. Yeni veya sıfırdan kurulan bir tedarikçi için: - Sertifikasyon denetimi en geç SOP öncesine planlanmalıdır. - Bu mümkün değilse SOP öncesinde uygunluk mektubu alınması planlanmalıdır. - 01598_15_06479 referanslı sıfırdan kurulan tesis kontrol listesinin 3.5 'tesis sertifikasyonu' maddesine uygun aksiyon planı bulunmalıdır. | O5: NOK | Q5: =IF(P5="","",IF('Aksiyon Planı'!$N5="",P5,'Aksiyon Planı'!$N5)) | R5: Tesisin aktif bir IATF 16949 sertifikası bulunmamaktadır. Şu anda belgelendirme kuruluşlarıyla görüşüyoruz. Henüz kesin bir belgelendirme denetimi tarihi planlanmamıştır. Yaklaşan müşteri denetiminden önce bu tarihi kesinleştirmeyi ve resmî olarak belirlemeyi hedefliyoruz. | X5: X | Y5: X | Z5: X | AA5: Y | AB5: Y | AC5: Y | AI5: X
F6: X | G6: X | L6: CMP12 | M6: STLA gereklilikleri dikkate alınmaktadır. | N6: Kontrol edin: Tedarikçiden B2B portalına nasıl eriştiğini göstermesini isteyin. Temel dokümanların bilindiğini doğrulayın (ör. QRS, MRS ve eğitimi, GSQN-001 vb.). | O6: NR | Q6: =IF(P6="","",IF('Aksiyon Planı'!$N6="",P6,'Aksiyon Planı'!$N6)) | R6: STLA B2B portalına erişimimiz bulunmamaktadır. Portal kullanımını gösteremiyor veya QRS ve MRS gibi STLA'ya özel dokümanları indiremiyoruz. Genel otomotiv kalite gereklilikleri sistemimizde uygulanmaktadır. Portal erişimi sağlandıktan sonra STLA'ya özel gereklilikleri sistemimize dahil edeceğiz. | X6: X | Y6: X | AI6: X
F7: X | G7: X | L7: CMP13 | M7: MPA öz değerlendirmeleri izlenmekte ve STLA ile paylaşılmaktadır. | N7: Kontrol edin: - Tedarikçinin MPA gerekliliklerine yönelik eksikleri belirlediğini ve düzeltici aksiyon planı uyguladığını doğrulayın. - İstenen seviyeye ulaşmak veya bu seviyeyi korumak için yıllık öz değerlendirmenin yönetildiğini doğrulayın (MPA sonucu ≥ %85). | O7: NR | Q7: =IF(P7="","",IF('Aksiyon Planı'!$N7="",P7,'Aksiyon Planı'!$N7)) | R7: Aktif bir MPA öz değerlendirmemiz bulunmamaktadır. Bu aşamada yıllık değerlendirme sonuçlarını STLA ile paylaşamıyoruz. Resmî proje başlangıcından sonra eksikleri belirleyip düzeltici aksiyon planı uygulayacağız. | X7: X | Y7: X | Z7: X | AA7: Y | AB7: Y | AC7: Y | AI7: X
A8: CMP2 | B8: Acil Durum Planları (İş Sürekliliği Planı) | G8: X | L8: CMP21 | M8: Kapsam dahilindeki temel BT, üretim, tedarik zinciri, insan kaynakları ve doğal afet riskleri belirlenmiştir. | N8: Risk belirlemenin (ör. 5M) ve risk azaltma düzeylerinin yeterliliğini kontrol edin: - Yangın: sprinkler kapsamı vb. - Sel: koruyucu setler vb. - Deprem: depreme karşı koruma vb. - Elektrik kesintisi: alternatif enerji kaynağının bulunması vb. - Su yetersizliği: stok vb. - İş gücü: işe alım vb. - Bakım: yedek parça bulunabilirliği vb. - Tedarikçiler: Tier 2 risk haritası vb. - Diğer: bitmiş ürün stoku vb. | O8: NOK | Q8: =IF(P8="","",IF('Aksiyon Planı'!$N8="",P8,'Aksiyon Planı'!$N8)) | R8: Tesiste doğal afetlere yönelik yazılı bir acil durum planı bulunmakta ve BT yedeklemeleri çalışmaktadır. Ancak elektrik kesintileri için tesiste yedek jeneratör bulunmaması önemli bir altyapı eksikliğidir. Genel elektrik kesintisi riski, devrede olan yedek ekipmanla tam olarak azaltılmamıştır ve bu durum kesintisiz üretim faaliyetlerini doğrudan tehdit etmektedir. | X8: X | Y8: X | AI8: X
G9: X | L9: CMP22 | M9: Riskler, kapsamlı bir risk azaltma planıyla birlikte düzenli olarak gözden geçirilmektedir. | N9: Tedarikçinin aşağıdaki uygulamalarını örnekler üzerinden kontrol edin: - Riskleri değerlendirme ve azaltma - Yeni veya ortaya çıkan riskleri ele alma - Kritik durumları yönetime bildirme - Olası kesintileri öngörmek için erken ve zayıf sinyalleri kullanma - Tekrarı önlemek için öğrenilen dersleri uygulama | O9: OK | Q9: =IF(P9="","",IF('Aksiyon Planı'!$N9="",P9,'Aksiyon Planı'!$N9)) | R9: Risk azaltma planları düzenli olarak gözden geçirilip güncellenmektedir. Geçmiş olaylardan öğrenilen dersler mevcut risk değerlendirmelerine başarıyla dahil edilmektedir. Kritik durumlar doğrudan tesis yönetim ekibine iletilmektedir. Ancak erken ve zayıf sinyallerin toplanması ve analizine yönelik iç süreç henüz gayriresmîdir ve daha sistematik, veriye dayalı bir yaklaşım gerektirmektedir. Durum OK olarak değerlendirilmiştir. | X9: X | Y9: X | AI9: X
G10: X | L10: CMP23 | M10: Bilgi sistemine izinsiz girişin önlenmesi ile veri yedekleme ve kurtarma için prosedürler bulunmaktadır (ör. EDI, SAP). Bunlar uygun durumlarda düzenli olarak test edilmekte; planlar denetlenmekte ve tatbikatlar yapılmaktadır. | N10: - Prosedürü isteyin ve bir örneği kontrol edin. - Siber saldırılara karşı risk azaltma planının yeterliliğini değerlendirin: ağ erişim kısıtlamaları, USB yasağı, BT ekibinin sahte mesajlarla yaptığı testler. | O10: OK | Q10: =IF(P10="","",IF('Aksiyon Planı'!$N10="",P10,'Aksiyon Planı'!$N10)) | R10: Bilgi sistemlerine izinsiz girişin önlenmesi, düzenli veri yedekleme ve felaket kurtarma için resmî prosedürler oluşturulmuş ve uygulanmaktadır (kritik ERP, SAP ve EDI sistemleri dahil). Yedeklerin bütünlüğü ve sunucu geri yükleme protokolleri rutin olarak test edilmektedir. Sıkı ağ erişim kısıtlamaları, iş istasyonlarında fiziksel USB bağlantı noktalarının kilitlenmesi ve çalışanların dış saldırılara karşı dikkatini doğrulamak üzere BT güvenlik ekibinin düzenli olarak yürüttüğü kimlik avı farkındalık simülasyonları dahil siber güvenlik önlemleri aktif olarak uygulanmaktadır. | X10: X | Y10: X | AI10: X
A11: CMP3 | B11: Dış Kaynak ve Alt Kademe (Tier N) Tedarikçi Yönetimi | F11: X | G11: X | L11: CMP31 | M11: Tedarik kaynağı olarak seçilebilir tedarikçi olma kriterleri tanımlanmıştır. | N11: Tedarikçi seçimine ait dokümantasyonu kontrol edin. Seçim grup düzeyinde yapılıyorsa Tier 2 durumunun üretim tesisi tarafından bilindiğini ve performans değerlendirmesinde dikkate alındığını doğrulayın. | O11: OK | Q11: =IF(P11="","",IF('Aksiyon Planı'!$N11="",P11,'Aksiyon Planı'!$N11)) | R11: Yeni tedarikçilerin değerlendirilmesi, yeterliliklerinin doğrulanması ve onaylanması (tedarik kaynağı olarak seçilebilirlik) için resmî kriterler ve standart prosedürler oluşturulmuştur. Tedarikçi seçim sözleşmeleri kurumsal satın alma kurallarıyla yönetilirken üretim tesisimiz, onaylı tüm alt kademe (Tier N) tedarikçileri doğrudan izleyebilmektedir. Alt tedarikçilerin kalite göstergeleri, teslimat güvenilirliği ve lojistik uygunluğunu kapsayan performansı sistematik olarak takip edilmekte ve iç tedarikçi değerlendirme ve performans izleme süreçlerine dahil edilmektedir. | X11: X | Y11: X | AI11: X
F12: X | G12: X | L12: CMP32 | M12: Tier 2 performansı izlenmektedir. Sapma durumunda eskalasyon Tier 1 tarafından yönetilmektedir. | N12: - Denetim öncesinde Tier 2 kaynaklı müşteri şikâyeti olup olmadığını kontrol edin. Kontrol edin: - Performans göstergeleri için eşiklerin tanımlanıp tanımlanmadığı (ör. teklif listesi puanlaması) - Hedef karşılanmadığında sınırlama önlemleri, aksiyon planları (ör. kontrollü sevkiyat, yeni iş verilmesinin durdurulması vb.) ve çıkış kriterleriyle eskalasyon uygulanıp uygulanmadığı | O12: OK | Q12: =IF(P12="","",IF('Aksiyon Planı'!$N12="",P12,'Aksiyon Planı'!$N12)) | R12: Tier 2 tedarikçi performansı, tanımlı göstergeler ve eşiklerle izlenmektedir. Sınırlama önlemleri ve çıkış kriterleri dahil eskalasyon süreçleri standart Tedarikçi Eskalasyon Bildirim formumuzla yürütülmektedir. Ancak Tier 2 performans eğilimlerine ait uzun dönem geçmiş veriler hâlen elle takip edilmekte ve otomatik yazılım entegrasyonu bulunmamaktadır. | X12: X | Y12: X | AI12: X
F13: X | G13: X | L13: CMP33 | M13: Montajlı parçalarda yalnızca onaylı (ör. PPAP A) bileşenler/malzemeler kullanılmaktadır. Giriş kontrolü yapılmakta ve yönetilmektedir. Kontrol sıklığı, tedarikçi KPI'larıyla uyumludur. | N13: - Giriş kontrolünün kritik özellikleri ve sonraki proseslerde kontrol edilmeyen özellikleri kapsadığını, sıklıkların kontrol planıyla uyumlu olduğunu doğrulayın. - Teslim alındıktan sonra üretime serbest bırakılan malzemelerin tanımlanmasını kontrol edin. - Aşağıdaki durumlarda sıklık güncelleme kuralları bulunduğunu doğrulayın: Giriş kontrolünde uygunsuzluk bulunması Tier 2 kaynaklı müşteri şikâyeti Performansın kötüleşmesi Yeni/değiştirilmiş parça için önleyici sınırlama önlemlerinin uygulanması | O13: OK | Q13: =IF(P13="","",IF('Aksiyon Planı'!$N13="",P13,'Aksiyon Planı'!$N13)) | R13: Tüm ham maddeler ve bileşenler için kontrol planına göre sistematik giriş kontrolü yapılmaktadır. Montajlı parçalarda kullanım için yalnızca onaylı malzemeler serbest bırakılmaktadır. Ancak Tier 2 performansındaki belirli kötüleşmelere göre kontrol sıklıklarının dinamik olarak güncellenmesi, otomatik sistem uyarısı yerine hâlen elle yürütülmektedir. | X13: X | Y13: X | AB13: X | AC13: X | AI13: X
A14: Grup Kurumsal Yönetimi | Y14: 2 | AI14: X
A15: CMG1 | B15: Proje Yönetimi | G15: X | L15: CMG11 | M15: Üretim tesisi, fizibiliteyi değerlendirmek amacıyla yeni projelere dahil edilmektedir. | N15: Proje sorumluluğunun aşağıdaki işler için atanıp atanmadığını kontrol edin: - Ürünün üretim prosesindeki yapılabilirliğinin analizi - Sanayileşme sürecinin takibi (ör. üretim proses mühendisi; üretim ve kontrol takımlarının doğrulanması için laboratuvar) PPQ için: Tedarikçinin Kalite ve/veya Proje Yöneticisinin STLA APQP gereklilikleri konusunda eğitimli olduğunu doğrulayın. Tedarikçinin proje takibi için üretim tesisinden bir sorumlu atadığını kontrol edin. | O15: OK | Q15: =IF(P15="","",IF('Aksiyon Planı'!$N15="",P15,'Aksiyon Planı'!$N15)) | R15: Üretim tesisi, ilk RFQ ve APQP başlangıç aşamalarından itibaren yeni ürün geliştirme ve mühendislik fizibilite incelemelerine tam olarak dahil edilmektedir. Tüm üretim hücrelerinde teknik fizibilite değerlendirmeleri yapmak, deneme üretimlerini koordine etmek ve test laboratuvarımızla birlikte üretim ve kontrol takımlarını doğrulamak için tesiste özel bir Proje Yöneticisi ve Üretim Proses Mühendisi resmî olarak atanmıştır. Atanan proje liderleri ve kalite mühendisleri, otomotiv APQP kilometre taşları ve müşteriye özel devreye alma gerekliliklerine hâkimdir. Tesis temsilcileri, disiplinler arası proje değerlendirmelerine aktif olarak katılarak sorunsuz sanayileşmeyi ve kilometre taşlarının üretim tesisinden titizlikle takibini sağlamaktadır. | X15: X | Y15: X | Z15: X | AA15: X | AB15: Y | AC15: Y | AI15: X
G16: X | L16: CMG12 | M16: Tedarikçinin proje yönetimi tüm görevleri dikkate almakta ve müşterinin proje takvimi/gereklilikleriyle uyumlu yürütülmektedir. Gecikme/sapma durumunda aksiyon planları uygulanmakta ve müşteri bilgilendirilmektedir. | N16: PPQ için: Tedarikçinin kendi parçaları ve orta/yüksek riskli alt bileşenleri için aşağıdaki unsurları içeren bir zaman planı var mı? 1. Proje ile üretim tesisi arasındaki sorumluluk devrini kontrol edin. 2. Kritik alt kademe bileşenlerin takvimi 3. PPQ, CAT, DV/PV testleri ve PPAP dahil APQP aşama kapıları/teslimatları NSA veya MPA'da bir örnek üzerinden tedarikçinin proje yönetim sürecini inceleyin: 1. Ürün ve proses tasarım doğrulaması (DV/PV testleri, PPQ), kapasite değerlendirmesi (CAT) ve parça onayı (PPAP) dahil APQP aşama kapıları/teslimatları 2. Takım devreye alma başlangıcı (TKO), seri takımdan parça (OT), seri takım ve prosesten parça (OTOP) gibi temel adımlarla kritik takım/ekipman ve ölçüm cihazı teslimatları 3. Kritik özelliklerin yeterlilik ilerlemesi dahil her üretim aşamasında beklenen parça olgunluğu (ör. parçaların prototip veya geçici takımlardan üretilmesi, görünüm parçalarının istenen seviyede olması) | O16: NR | Q16: =IF(P16="","",IF('Aksiyon Planı'!$N16="",P16,'Aksiyon Planı'!$N16)) | R16: Puanlanmadı (NR). STLA'ya özel APQP takvim gereklilikleriyle uyumu değerlendirebileceğimiz aktif bir Stellantis projemiz bulunmamaktadır. Mevcut müşterilerimiz için standart proje yönetimi takvimlerini kullanıyoruz. Ancak mevcut ana planlama aracımız PPQ, CAT ve OTOP gibi STLA'ya özel kilometre taşlarıyla entegre değildir. Resmî proje başlangıcında bu teslimatları izlemek için proje yönetimi yazılımımızı güncelleyeceğiz. | X16: X | Y16: X | Z16: X | AA16: X | AB16: X | AC16: X | AI16: X
G17: X | L17: CMG13 | M17: Programın başlangıcından itibaren ihtiyaç duyulacak yeni yetkinlikleri/personeli erken belirlemek için resmî bir süreç bulunmaktadır. | N17: Kontrol edin: - Projeleri takip etmek ve SOP için iş istasyonunda parça üretmek üzere gerekli kaynaklar belirlenmiş ve hazır mı? - Tesisin genel eğitim planı, yeni prosesler için gerekli yetkinliklerin (ör. yeni model lehimleme prosesi) kazandırılmasını ve projenin SOP aşamasında ihtiyaç duyulan yetkin personel hedefine (yetkinlik matrisi) ulaşılmasını sağlayacak şekilde güncellenip takip ediliyor mu? | O17: OK | Q17: =IF(P17="","",IF('Aksiyon Planı'!$N17="",P17,'Aksiyon Planı'!$N17)) | R17: Program başlangıcından itibaren gerekli personeli ve yeni yetkinlikleri belirleyen resmî bir süreç uygulanmaktadır. Genel tesis eğitim planı ve yetkinlik matrisleri mevcut operasyonlar için düzenli olarak güncellenmektedir. Ancak şu anda üretim başlangıcına (SOP) yaklaşan aktif bir STLA projemiz bulunmadığından STLA üretim istasyonlarına özel eğitim planı ve hedef yetkinlik matrisi henüz doldurulmamış veya doğrulanmamıştır. | X17: X | Y17: X | Z17: X | AA17: X | AB17: Y | AC17: Y | AI17: X
A18: CMG2 | B18: Ürün/Proses Yeterlilik Onayı | G18: X | L18: CMG21 | M18: Üretim prosesinin geliştirilmesi ve yeterlilik onayı, PPQ öz değerlendirmesini ve prosese özel denetimleri (ör. STLA proses kontrol listeleri) kapsamaktadır. | N18: Yeterlilik onayı sürecinin, onay öncesinde aşağıdakileri içeren bir iç denetimi kapsadığını doğrulayın: - Tedarikçinin her aşama kapısında yaptığı PPQ öz değerlendirmesi - STLA tarafından istenmişse AQR uygulaması - Alternatif prosesler, izin verilen yeniden işleme operasyonları vb. Yeni proje, başka tesisten transfer veya yeni üretim hattı için yeni bina/ekipman/takım vb. gerekip gerekmediğini ve yeterlilik onayı sürecinin ürün/proses değişiklikleriyle uyumunu kontrol edin. | O18: NR | Q18: =IF(P18="","",IF('Aksiyon Planı'!$N18="",P18,'Aksiyon Planı'!$N18)) | R18: Puanlanmadı (NR). Şu anda üretim prosesi yeterlilik onayı aşamasında aktif bir STLA projemiz bulunmamaktadır. Bu nedenle STLA'ya özel PPQ öz değerlendirmeleri ve AQR uygulamaları değerlendirme için gösterilememektedir. Standart iç denetimlerimiz genel yeni proses doğrulamalarını kapsamaktadır. Ancak STLA'ya özel aşama kapısı gerekliliklerinin iç denetim prosedürlerimize sistematik olarak dahil edilmesi henüz tamamlanmamıştır. | X18: X | Y18: X | AB18: X | AC18: X | AI18: X
F19: X | G19: X | L19: CMG22 | M19: Yeterlilik onayı süreci, dış kaynaklı tüm üretim proseslerini veya Tier 2 bileşenleri kapsamaktadır. | N19: Kontrol edin: - Tedarikçi, özellikle kritik bileşenler veya proseslerde Tier 2 ürün ve proses yeterlilik onayını sürekli takip ediyor mu? - Tier 1, kendi ürün/proses onayından önce Tier 2 ürün/proses onayını (tüm alt bileşenler için PPAP veya eşdeğeri) tamamlıyor mu? Aksi durumda aksiyon planları ve karşı önlemlerle bir sapma izni alınmış mı (ör. onay kabul edilene kadar ilave kontroller)? - Tier 2 onay sürecinde denetim veya öz denetim gerekiyor mu ve hangi kanıtlar isteniyor? | O19: OK | Q19: =IF(P19="","",IF('Aksiyon Planı'!$N19="",P19,'Aksiyon Planı'!$N19)) | R19: Tedarikçi yeterlilik onayı süreci, Tier 2 bileşenlerin ve dış kaynaklı üretim proseslerinin üretimde kullanılmadan önce onaylanmasını gerektirir. İlgili onay ve yeterlilik kayıtları, onaylı tedarikçi listesiyle birlikte incelenmektedir. Giriş kontrolü sürekli uygunluk doğrulamasını destekler ancak proses veya bileşen yeterlilik onayının yerine geçmez. Tamamlanmamış STLA'ya özel gerekliliklerin alt tedarikçilere aktarılması CMG33 kapsamında ayrıca takip edilmektedir. | X19: X | Y19: X | AB19: X | AC19: X | AI19: X
G20: X | L20: CMG23 | M20: Kontrol planında listelenen seri üretim takımları, makineler ve yerleşim, şartnamelere uygun olarak doğrulanmış ve nihai konumlarına yerleştirilmiştir. | N20: - İş istasyonu/üretim alanı yerleşim planı, proseste kullanılan tüm üretim/kontrol ekipmanı ve takımları ile malzeme depolama alanlarını (WIP/tampon stoklar/uygunsuz malzeme/hurda-yeniden işleme/onarım ve ham madde/alt bileşen depoları) gösteriyor mu? - Takım ve makineler nihai/seri üretim tipinde mi ve kontrol planındaki nihai konumlarına yerleştirilmiş mi? - Yeni veya yenilenmiş tüm tesis/ekipman/takım/kontrol cihazları için şartnamelere uygunluk (yeterlilik ve kapasite) yapısal bir yaklaşımla doğrulanıyor mu? Ölçüm cihazlarında kalibrasyon da kapsanıyor mu? Proses ve iş istasyonu yerleşimi, operasyon atlanmasını ve benzer parçaların karışmasını önleyecek şekilde tasarlanmış mı? | O20: OK | Q20: =IF(P20="","",IF('Aksiyon Planı'!$N20="",P20,'Aksiyon Planı'!$N20)) | R20: Kontrol Planında listelenen tüm seri üretim makineleri, özel cam işleme takımları ve kontrol fikstürleri tamamen doğrulanmış, yeterlilik testleri yapılmış ve nihai üretim yerlerinde devreye alınmıştır. Tesis ve iş istasyonu yerleşimleri tüm üretim hücrelerini, hat içi WIP tamponlarını, uygunsuz ürün karantina bölgelerini ve ham madde depolarını açıkça belirtmektedir. Ekipman yeterlilik (Cmk/Ppk) ve kapasite çalışmaları mühendislik şartnamelerine uyumu doğrulamakta, tüm kontrol mastarları resmî olarak kalibre edilmektedir. İş istasyonları, operasyon atlanmasını ve parça karışmasını önleyen fiziksel poka-yoke durdurucularla ergonomik ve sıralı şekilde düzenlenmiştir. | X20: X | Y20: X | AB20: X | AC20: X | AI20: X
A21: CMG3 | B21: Kritik Özelliklerin Tanımlanması ve Kontrolü | G21: X | L21: CMG31 | M21: Müşteri onaylı teknik resimler ve STLA Parça Kontrol Standardı (PIS - kritik özellikler), en güncel değişiklik seviyesinde üretim tesisinde bulunmaktadır. | N21: Kontrol edin: - Fonksiyonel ve teknik özelliklerin listesi (GD&T veya CTF) - PIS'in teknik resmin en son sürümüne göre tamamlanmış olması | O21: NR | Q21: =IF(P21="","",IF('Aksiyon Planı'!$N21="",P21,'Aksiyon Planı'!$N21)) | R21: Şu anda aktif bir Stellantis projemiz bulunmamaktadır ve tesisimiz için STLA'ya özel PIS alınmamış veya yayımlanmamıştır. Mevcut müşteri operasyonlarında kullanılan dokümantasyon, iç doküman kontrol sürecimizle yönetilmektedir. İlerideki STLA'ya özel teknik resimler ve kontrol gereklilikleri, sözleşmeli Tier 1 müşterimiz aracılığıyla resmî olarak iletildiğinde incelenip uygulanacaktır. Bu kriter mevcut aşamada NR olarak kalmaktadır. | X21: X | Y21: X | AB21: X | AC21: X | AD21: X | AE21: X | AI21: X
G22: X | L22: CMG32 | M22: Tüm kritik özellikler dokümantasyona aktarılmıştır (Akış şeması ==> PCP veya PIS ==> PFMEA ==> Kontrol Planı arasında bağlantı ve uyum sağlanmıştır). | N22: Kontrol edin: - Dokümanlar arası bağlantılar uygun sembollerle açıkça belirtilmiş ve birebir eşleşiyor mu? - Tüm kritik özellikler dokümantasyonda (PFMEA, Kontrol Planı, iş talimatları, ambalajlama ve etiketleme) yer alıyor mu? - Türetilmiş akışlar (ör. yeniden işleme) dahil operasyonlar tüm dokümanlarda bulunuyor mu? - Özel özellikleri etkileyen proses parametreleri analiz edilmiş mi (ör. toleranslar, geçme, yüzey kalitesi, güvenilirlik, dayanıklılık)? - Operatörler kritik özellikleri biliyor mu? | O22: NOK | Q22: =IF(P22="","",IF('Aksiyon Planı'!$N22="",P22,'Aksiyon Planı'!$N22)) | R22: Mevcut müşteri ürünlerinde belirlenen kritik özellikler; Proses Akışı, iç kontrol dokümanları, PFMEA ve Kontrol Planında çapraz referanslarla ilişkilendirilmiştir. Bu referansların tutarlılığını korumak için doküman revizyonları incelenmektedir. Bu değerlendirme mevcut müşteri operasyonlarına ilişkindir ve STLA'ya özel bir dokümantasyon paketinin onayı anlamına gelmez. İlerideki STLA'ya özel özellikler, sözleşmeli Tier 1 müşterimiz aracılığıyla resmî olarak iletildikten sonra dahil edilecektir. | X22: X | Y22: X | AI22: X
F23: X | G23: X | L23: CMG33 | M23: Müşteriye özel gereklilikler Tier N tedarikçilerde uygulanmaktadır: - Ürün ve proses kritik özelliklerinin teknik şartnameleri - Ürün ve prosese özel standartlar - Uygulanması gereken prosedürler (ör. PPAP, PFMEA vb.) - İzlenebilirlik, FIFO ve etiketleme gereklilikleri | N23: Kontrol edin: - Tier 1, kritik özellikler listesi (PIS) dahil teknik şartnameyi Tier 2'ye iletmiş ve kalite gerekliliklerini (ör. AQR, PFMEA, Kalite Planlaması, Kontrol Planı, Sürekli Geçerli Gereklilikler/Proses Değişikliği kuralları vb.) bildirmiş mi? - Tier 2 teklif dosyası teknik/proses fizibilitesini içeriyor mu? Kontrollerin etkinliğini doğrulayın. | O23: NOK | Q23: =IF(P23="","",IF('Aksiyon Planı'!$N23="",P23,'Aksiyon Planı'!$N23)) | R23: STLA'ya özel fonksiyonel ve teknik özellikler (GD&T ve CTF) hâlen iç mühendislik incelemesinde olduğundan alt tedarikçilerimize henüz aktarılmamıştır. Bu nedenle Tier N tedarikçilerin Parça Kontrol Standardını (PIS), güncellenmiş PFMEA beklentilerini veya STLA'ya özel izlenebilirlik ve etiketleme gerekliliklerini aldığını gösteremiyoruz. Ayrıca mevcut alt tedarikçi teklif dosyalarında, STLA'ya özel bu kriterlere karşı zorunlu teknik ve proses fizibilitesi doğrulamaları eksiktir. | X23: X | Y23: X | Z23: X | AA23: X | AB23: X | AC23: X | AD23: X | AE23: X | AI23: X
A24: Hızlı Müdahale | W24: 1 | Y24: 1 | AI24: X
A25: FR1 | B25: Günlük yönetim toplantısı | G25: X | K25: X | L25: FR11 | M25: Üretim üst yönetiminin yönettiği, farklı fonksiyonların katıldığı (en az Üretim, Kalite, Lojistik, Bakım), günlük ve kısa bir hızlı müdahale yönetim toplantısı yapılmaktadır. | N25: Kontrol edin: - Toplantı için ayrılmış alan bulunması (tercihen üretim sahasında) - Toplantıyı destekleyen bilgilerin sergilenmesi - Her gün düzenli olarak planlanmış toplantı yapılması - Toplantının RTR (üretim için gerekli koşullar), iş sağlığı/güvenliği, iç/dış sorunlar ve büyük arızaları kapsaması | O25: OK | Q25: =IF(P25="","",IF('Aksiyon Planı'!$N25="",P25,'Aksiyon Planı'!$N25)) | R25: Tesise bugüne kadar dış müşteri şikâyeti ulaşmamıştır. Operasyonel Hızlı Müdahale toplantıları yapılandırılmıştır ve üretim yönetimi ile farklı fonksiyonların (Üretim, Kalite, Bakım, Lojistik) katılımıyla her gün üretim sahasında yapılmaktadır. Toplantılarda RTR gereklilikleri, güvenlik durumu, iç kalite/hurda eğilimleri ve büyük arızalar sistematik olarak incelenmektedir. Gerçek zamanlı görüşmeleri destekleyen görsel panoların geliştirilmesine yönelik çalışmalar sürmektedir. | W25: X | X25: X | Y25: X | AD25: X | AE25: X | AI25: X
G26: X | K26: X | L26: FR12 | M26: FR sürecinin görsel gösterimi (pano/alan) önemli sorunların ve değişiklik noktalarının takibini sağlamaktadır. Pano, her aksiyon için uygun çıkış kriterleri, zaman planı ve sorumlu bilgilerini içermektedir. | N26: Kontrol edin: - Çıkış kriterlerini içeren ve düzenli güncellenen Görsel Yönetim panosu bulunması - Her madde için hedef tarih belirlenmesi ve sürelere uyulması | O26: OK | Q26: =IF(P26="","",IF('Aksiyon Planı'!$N26="",P26,'Aksiyon Planı'!$N26)) | R26: Dış müşteri kalite sorunu bulunmadığından, Hızlı Müdahale görsel pano yapısı iç üretim sorunlarını ve 4M değişiklik noktalarını izlemek amacıyla üretim sahasında oluşturulmuştur. Pano yapısı, terminlere uyumu sağlamak için açık çıkış kriterleri, belirlenmiş aksiyon sorumluları ve hedef tarihler içermektedir. Tamamlanan aksiyonların sistematik arşivlenmesi sürekli takip edilmektedir. | W26: X | X26: X | Y26: X | AB26: X | AC26: X | AD26: X | AE26: X | AI26: X
G27: X | K27: X | L27: FR13 | M27: Her temel alan için tanımlı hedefleri içeren bir KPI panosu bulunmakta ve ekip performans ile ilerlemeyi izlemek üzere ana KPI'ları düzenli olarak incelemektedir. | N27: Kontrol edin: - KPI'ların (en az Güvenlik, Üretim, Kalite, Lojistik, Bakım) FR alanında görsel olarak sunulması - KPI'ların FR toplantısı için güncellenmesi (ör. üretim sonuçları, kalite sorunları, hurda vb.) | O27: OK | Q27: =IF(P27="","",IF('Aksiyon Planı'!$N27="",P27,'Aksiyon Planı'!$N27)) | R27: Dış müşteri kalite göstergelerinde bildirilen sorun sayısı sıfırdır. KPI takip yapısı üretim sahasındaki Hızlı Müdahale alanında görsel olarak sürdürülmekte; Güvenlik, Üretim, Kalite, Lojistik ve Bakım başlıklarında açık hedefler tanımlanmaktadır. KPI eğilimleri, vardiya çıktıları ve iç hurda verileri günlük operasyon toplantılarında düzenli olarak güncellenip incelenmektedir. Üretim kayıtlarından görsel panoya veri aktarımını otomatikleştirme çalışmaları sürmektedir. | W27: X | X27: X | Y27: X | AB27: X | AC27: X | AI27: X
A28: FR2 | B28: Eskalasyon Süreci | G28: X | K28: X | L28: FR21 | M28: Operatörden tesis kalite yöneticisine kadar sorumlulukları açıkça tanımlanmış, tüm iç ve dış sorunları kapsayan standart bir eskalasyon süreci bulunmaktadır. | N28: Standart eskalasyon sürecinde aşağıdakilerin tanımlandığını kontrol edin: - Eskalasyon seviyeleri - Her yönetim düzeyinin sorumluluğu (operatörler, ekip liderleri, üst yönetim) - Tetikleyiciler ve zamanlama - Zorunlu aksiyonlar - Çıkış kriterleri | O28: OK | Q28: =IF(P28="","",IF('Aksiyon Planı'!$N28="",P28,'Aksiyon Planı'!$N28)) | R28: Müşteri şikâyeti sayısı sıfır olduğundan dış müşteri eskalasyon protokolleri tetiklenmemiştir. Operatörlerden tesis kalite yöneticisine uzanan standart iç eskalasyon yapısı oluşturulmuş; operasyon seviyeleri, sayısal hata tetikleyicileri, zorunlu sınırlama önlemleri ve eskalasyondan çıkış kriterleri tanımlanmıştır. Simüle edilmiş eskalasyon koşullarında operatörlerin tepki verebilirliğini doğrulamak üzere düzenli vardiya tatbikatları yapılmasına odaklanılmaktadır. | W28: X | X28: X | Y28: X | AB28: X | AC28: X | AD28: X | AE28: X | AI28: X
G29: X | K29: X | L29: FR22 | M29: Standart, üretim sahasında erişilebilirdir. Tüm yönetim seviyeleri tarafından bilinmekte ve uygulanmaktadır. | N29: Kontrol edin: - Eskalasyon standardının tesiste herkesçe görülebilecek şekilde asılmış olması - Müdahale standardının operasyon ekiplerince (üretim operatörleri, ekip liderleri vb.) bilinmesi - Farklı vardiyalar arasında iletişimin sağlanması (ör. vardiya defteri) | O29: OK | Q29: =IF(P29="","",IF('Aksiyon Planı'!$N29="",P29,'Aksiyon Planı'!$N29)) | R29: Tesis tek vardiya çalışmakta ve geçmişinde dış müşteri şikâyeti bulunmamaktadır. Standart müdahale ve eskalasyon kuralları üretim iş istasyonlarında erişilebilir ve görünür durumdadır. Üretim ekiplerinin sınırlama eşiklerini bildiği doğrulanmıştır. İş günleri arasındaki operasyon sürekliliği, açık konuları ve teknik sorunları izleyen resmî günlük üretim kayıt defteriyle sağlanmaktadır. | W29: X | X29: X | Y29: X | AB29: X | AC29: X | AD29: X | AE29: X | AI29: X
G30: X | K30: X | L30: FR23 | M30: En kritik sorunlar hızlı müdahale panosunda belirlenmekte ve takip edilmektedir. | N30: - Sorunların hızlı müdahale veya hat QRQC panosunda takip edildiğini kontrol edin. - Tüm sorunların durum bilgisi bulunmalıdır. - Sorunlara ilişkin zaman planı kontrol altında olmalıdır. | O30: OK | Q30: =IF(P30="","",IF('Aksiyon Planı'!$N30="",P30,'Aksiyon Planı'!$N30)) | R30: Kritik kalite ve operasyon sorunlarını takip edip çözmek için üretim sahasında resmî Hızlı Müdahale / QRQC panosu kullanılmaktadır. Başlıca iç uygunsuzluklar, hurda Pareto nedenleri ve müşteri sorunları açık problem tanımlarıyla görsel olarak kaydedilmektedir. Her soruna bir sorumlu, aksiyon durumu (Açık, Devam Ediyor, Kapalı) ve kesin zaman hedefleri atanmaktadır. Günlük kısa değerlendirme toplantıları, aksiyonların zamanında yürütülmesini ve kapanış öncesi sınırlama etkinliğinin doğrulanmasını sağlamaktadır. | W30: X | X30: X | Y30: X | AD30: X | AE30: X | AI30: X
A31: FR3 | B31: Problem Çözme | G31: X | L31: FR31 | M31: Tüm iç ve dış sorunlara uygulanan, tanımlı ve standartlaştırılmış bir problem çözme yöntemi bulunmaktadır. | N31: Kontrol edin: - En son iç/dış sorun için aynı yöntemin kullanılması - Yöntemin 8D adımlarını izlemesi: Problem tanımı / Sınırlama / Hata kaydı / Kök nedenlerin belirlenmesi / Düzeltici aksiyon planı / Etkinlik kontrolü / Öğrenilen dersler / Benzer alanlara yaygınlaştırma - Tedarikçinin yöntemi doğru kullanması (ör. gerekli tüm adımları tamamlaması) | O31: OK | Q31: =IF(P31="","",IF('Aksiyon Planı'!$N31="",P31,'Aksiyon Planı'!$N31)) | R31: Müşteri şikâyeti sıfır olduğundan dış müşteri için 8D gerekmemiş olsa da tanımlı ve standart bir 8D problem çözme prosedürü tamamen oluşturulmuş, iç uygunsuzluklara ve kritik hurda eğilimlerine uygulanmaktadır. Yöntem, sınırlama ve kök neden analizinden etkinlik doğrulamasına ve benzer alanlara yaygınlaştırmaya kadar standart 8D aşamalarını izlemektedir. Tamamlanan iç 8D çalışmalarının tüm adımlarındaki uygunluğu doğrulamak için sürekli iç denetimler yapılmaktadır. | W31: X | X31: X | Y31: X | AB31: X | AC31: X | AD31: X | AE31: X | AI31: X
G32: X | L32: FR32 | M32: Kök neden belirleme, standart araçlar ve yöntemlerle desteklenmektedir. Bunlar, her sorunun en derin kök nedenlerini (oluşum, tespit ve sistemsel/öngörü) bulmak için kullanılmaktadır. | N32: Kontrol edin: - En az ISHIKAWA ve 5 NEDEN araçlarının kullanılması - Şüpheli tüm nedenlerin nihai kök nedene kadar incelenmesi: Ishikawa diyagramındaki her dalın oluşum ve tespit eksenlerinde tamamlanması, seçilmeyen nedenlerin gerekçelendirilmesi; seçilen nedenlerden 5 Neden aracılığıyla tüm olası kök nedenlerin belirlenmesi - Standart formun doğru doldurulması | O32: OK | Q32: =IF(P32="","",IF('Aksiyon Planı'!$N32="",P32,'Aksiyon Planı'!$N32)) | R32: Standart kök neden analizi araçları tanımlanmış ve hazırdır; iç incelemelere sistematik olarak uygulanmaktadır. Yapılandırılmış Ishikawa diyagramları ve iki eksenli 5 Neden analizleri (hem oluşum hem tespit hata türlerini kapsayan) standart inceleme şablonuna dahil edilmiştir. Ishikawa diyagramında seçilmeyen nedenler değerlendirilmekte ve belgelenmiş doğrulama verileriyle desteklenmektedir. Kök neden analizinin derinliğini korumak için fonksiyonlar arası rehberlik düzenli olarak sürdürülmektedir. | W32: X | X32: X | Y32: X | AB32: X | AC32: X | AD32: X | AE32: X | AI32: X
G33: X | L33: FR33 | M33: Benzer alanlara yaygınlaştırma / tekrarın önlenmesi standart araç ve yöntemlerle desteklenmektedir. | N33: Kontrol edin: - Kök nedenler ve ilgili düzeltici aksiyonlar benzer alanlara yaygınlaştırılmış ve öğrenilen ders olarak belgelenmiş mi? - PFMEA, Kontrol Planı / PIS vb. dokümanlar güncellenmiş mi? - Tekrar durumunda ilk problem çözme çalışması, neden başarısız olduğunu belirlemek için yeniden analiz ediliyor mu? | O33: OK | Q33: =IF(P33="","",IF('Aksiyon Planı'!$N33="",P33,'Aksiyon Planı'!$N33)) | R33: İç uygunsuzluklardan doğan düzeltici aksiyonların benzer cam işleme hatlarına ve ürün çeşitlerine aktarılmasını sağlamak için resmî bir yaygınlaştırma ve öğrenilen dersler yöntemi oluşturulmuştur. Prosedür, aksiyon kapanışında PFMEA'ların, Kontrol Planlarının ve kontrol standartlarının (PIS) zorunlu revizyon incelemesini gerektirir. Hata tekrarı durumunda önceki problem çözme analizlerini sistematik yeniden değerlendirecek standart protokoller tanımlanmıştır. | W33: X | X33: X | Y33: X | AC33: X | AD33: X | AE33: X | AI33: X
A34: Parça ve Proses Kontrolü | W34: 1 | Y34: 1 | AI34: X
A35: PPC1 | B35: Kontrol Planının Uygulanması | G35: X | K35: X | L35: PPC11 | M35: Kontrol Planındaki kontroller, doğru ölçüm cihazlarıyla, doğru sıklıkta ve doğru numune büyüklüğünde yapılmaktadır. | N35: - Teknik resimde ve Kontrol Planında gösterilen son yayımlanmış revizyonların aynı olduğunu doğrulayın. - Operatörden PIS'ten en az üç temel/kritik özellik seçmesini isteyin ve öngörülen kontrolleri yaptığını doğrulayın. - Belirtilen ölçüm cihazının ve doğru iş talimatının gerçekten kullanıldığını ve uygulandığını kontrol sırasında operatörü gözlemleyerek doğrulayın. | O35: NR | Q35: =IF(P35="","",IF('Aksiyon Planı'!$N35="",P35,'Aksiyon Planı'!$N35)) | R35: Mevcut en güncel müşteri teknik resimleri ve PIS, kontrol planlamasına referans oluşturmaktadır. Belirlenen ölçüm cihazları, kontrol sıklıkları, numune büyüklükleri ve operatör uygulamasının nihai üretim düzeyinde doğrulanması, ilgili üretim öncesi doğrulama faaliyetlerinin tamamlanmasını beklemektedir. Kayıtlar ve gözlemlerle üretim sahasında tutarlı uygulama gösterilene kadar kriter NR olarak kalacaktır. | W35: X | X35: X | Y35: X | AI35: X
G36: X | K36: X | L36: PPC12 | M36: Tüm kontrol kayıtları, Kontrol Planına uygun olarak standart formlar veya bilgi sistemleriyle belgelenmektedir. | N36: Kontrol edin: - Kayıtların okunaklı ve erişilebilir olması - Örnek kayıtlardaki numune büyüklüğü ve sıklığın kontrol planı gereklilikleriyle uyumu - Kontrol grafikleri kullanılıyorsa operatörden kullanımını açıklamasını isteyin (alarm sınırlarının nasıl kullanıldığını görmek için PPC22 ile çapraz kontrol edin). | O36: OK | Q36: =IF(P36="","",IF('Aksiyon Planı'!$N36="",P36,'Aksiyon Planı'!$N36)) | R36: Tier 2 tedarikçi olarak tüm kalite kontrolleri, PPAP Kontrol Planına tam uygunlukla standart kontrol formları kullanılarak yapılmakta ve belgelenmektedir. Kaydedilen numune büyüklükleri ve kontrol sıklıkları, üretim istasyonlarında onaylı Kontrol Planı parametreleriyle tam olarak eşleşmektedir. Kontrol kayıtları okunaklı ve iş istasyonlarında kolay erişilebilirdir; operatörler tanımlı tolerans sınırları ve operasyonel müdahale kuralları konusunda eğitimlidir. Fiziksel kontrol kayıtlarını merkezi dijital veri toplama sistemine aktarma çalışmaları devam etmektedir. | W36: X | X36: X | Y36: X | AI36: X
G37: X | K37: X | L37: PPC13 | M37: Uygunsuzluk durumunda Kontrol Planında tanımlanan reaksiyon planına göre aksiyonlar uygulanmaktadır. | N37: Kontrol edin: - İstasyondaki güncel uygunsuzluk kayıtlarını inceleyin; belgelenmiş aksiyonları (sınırlama, ürün kararı, onaylar) doğrulayın ve operatörden reaksiyon/eskalasyon adımlarını açıklamasını isteyin. - NOK parçalar açıkça etiketlenmiş, ayrılmış (hurda/karantina) ve kaydedilmiş olmalıdır. SW3 uyumunu ve izlenebilirlik/sistem blokaj durumunu doğrulayın. - STLA'ya uygunsuz ürün sevk etme riskinin nasıl yönetildiğini kontrol edin. Müşteri şikâyet veya 3CPR kayıtlarını inceleyin ve FR3 ile çapraz kontrol edin. | O37: OK | Q37: =IF(P37="","",IF('Aksiyon Planı'!$N37="",P37,'Aksiyon Planı'!$N37)) | R37: Kontrol Planında tanımlanan standart Reaksiyon Planları tüm iş istasyonlarında tamamen uygulanmaktadır. Boyutsal, optik veya proses sapmasında operatörler belgelenmiş sınırlama protokollerini hemen yürütür: prosesi durdurur, şüpheli parçaları belirlenmiş kırmızı etiketli karantina kutularına ayırır ve vardiya amirine haber verir. Tüm uygunsuz parçalar resmî olarak kaydedilir, yetkisiz hareketi önlemek için ERP sisteminde derhal bloke edilir ve SW3 standartlarına göre ayrılır. Çok aşamalı doğrulama noktaları ve Hızlı Müdahale (FR3) değerlendirmeleriyle müşteriye sevkiyat riski ortadan kaldırılır. | W37: X | X37: X | Y37: X | AI37: X
A38: PPC2 | B38: Kontrol Cihazlarının ve Prosesin Yeterliliği | G38: X | K38: X | L38: PPC21 | M38: Kontrol cihazlarının yeterlilik değerlendirmeleri (ör. ölçüm sistemi R&R, sapma, doğrusallık, kararlılık vb.) belirlenmiş; ekipmanlar planlı sıklıkta sertifikalandırılmakta/kalibre edilmektedir. | N38: Yer: Laboratuvar Katılımcılar: Laboratuvar Yöneticisi ve/veya Kalite Yeterliliğin STLA gerekliliklerine göre doğrulandığını kontrol edin (eğitim materyaline bakın). Proje aşamasında (PPQ): - Ölçüm cihazının yeterlilik onayı için bazı kritik özelliklere veya teknik resim özelliklerine ait R&R çalışmasını isteyin (APQP teslimatlarıyla bağlantılı). Seri üretimde (MPA): - Kritik bir ölçüm cihazına ait R&R sonucunu isteyin. - Tedarikçi R&R çalışmasını ne zaman başlatıyor (ör. yeni operatör)? - R&R performansını koruma stratejisi var mı (cihaz kalibrasyonu, operatör eğitimi)? - Yeterliliği uygun olmayan veya kalibrasyon tarihi geçmiş ölçüm araçlarıyla kontrol edilen parçaların nasıl yönetildiğini kontrol edin (ör. yazılım için hat sonu test cihazları). | O38: OK | Q38: =IF(P38="","",IF('Aksiyon Planı'!$N38="",P38,'Aksiyon Planı'!$N38)) | R38: Tier 2 tedarikçi olarak ölçüm sistemi analizi (MSA / Gage R&R), PPAP/APQP teslimatlarının bir parçası olarak kritik özelliklerde ve teknik resim özelliklerinde sistematik yürütülmektedir. Tüm kontrol ekipmanları ve mastarlar, tanımlı sıklıkları içeren ana kalibrasyon planına kayıtlıdır ve akredite laboratuvarlar tarafından sertifikalandırılmaktadır. Kalibrasyon süresi geçen veya yeterlilik kriterlerini karşılamayan cihazların karantinaya alınması için açık reaksiyon kuralları belirlenmiştir. Kalibrasyon takibinin dijitalleştirilmesi ve otomatik periyodik hatırlatıcıların planlanması çalışmaları sürmektedir. | W38: X | X38: X | Y38: X | AI38: X
G39: X | K39: X | L39: PPC22 | M39: Yüksek riskli/etkili proseslerde (en az kritik veya önemli özelliklerde) proses yeterliliğini belirlemek için yeterlilik değerlendirmeleri yapılmaktadır. | N39: - Yeterlilik ve örnekleme kuralları QRS'te belirtilen STLA gerekliliklerine uygun olmalı; PIS / PCP yeterlilik hedefleri karşılanmalıdır. - Cp/Cpk yeterlilik çalışması ilk PPAP sunumunda yapılmalı ve seri üretim boyunca sürdürülmelidir (sıklıklara bakın). - İstenen kritik özellikler veya önemli teknik resim özellikleri (güvenlik ve kritik özellikler) yeterlilik çalışmasına dahil edilmelidir. | O39: OK | Q39: =IF(P39="","",IF('Aksiyon Planı'!$N39="",P39,'Aksiyon Planı'!$N39)) | R39: Mevcut müşteri operasyonlarında seçilen kritik özellikler için proses yeterlilik çalışmaları yapılmaktadır. Sonuçlar, ilgili kontrol ve örnekleme kayıtları kullanılarak geçerli müşteri kriterlerine veya iç kabul kriterlerine göre değerlendirilmektedir. Bu beyan, STLA'ya özel yeterlilik hedeflerinin karşılandığı veya bir STLA PPAP sunumunun onaylandığı anlamına gelmez. Gelecekteki projeye özel gereklilikler sözleşmeli Tier 1 müşterimiz aracılığıyla teyit edilecektir. | W39: X | X39: X | Y39: X | AI39: X
G40: X | K40: X | L40: PPC23 | M40: Proses kararlılığı izlenmekte ve yeterli olmayan prosesler için reaksiyon planı uygulanmaktadır. | N40: Kontrol edin: - Proses kararlılığını izleme stratejisi uygulanıyor ve kontrol sıklıkları PIS (PCP) ile uyumlu tutuluyor mu? - Kritik özelliklerden yeterliliği düşük olanlara yönelik aksiyon planları belgelenmiş mi? - Değişken veri toplanabilen tüm güvenlik özelliklerinde SPC uygulanmalıdır (kritik özellikler için de önerilir). - SPC uygulanıyorsa kontrol sınırları grafiklerde tanımlanmış, sonuç değerlendirmesi, analiz ve reaksiyon planıyla yönetiliyor mu? - SPC uygulanmıyorsa yeterlilik çalışmalarını gözden geçirmek için açık kurallar var mı (düzenli inceleme, yüksek hurda oranı, müşteri şikâyeti, proses değişikliği, büyük bakım sonrası vb.)? | O40: OK | Q40: =IF(P40="","",IF('Aksiyon Planı'!$N40="",P40,'Aksiyon Planı'!$N40)) | R40: Tier 2 tedarikçi olarak proses kararlılığı, PPAP Kontrol Planıyla uyumlu tanımlı kontrol aralıklarında izlenmektedir. Sürekli saha SPC grafiklerinin henüz tam devrede olmadığı özellikler için büyük bakım, takım değişiklikleri, proses parametresi değişiklikleri veya artan iç hurda eğilimleri sonrasında belgelenmiş yeterlilik inceleme kuralları uygulanmaktadır. Proses yeterliliği tanımlı eşiklerin altına düştüğünde anında sınırlama, %100 ayıklama ve mühendislik incelemesi içeren belgeli reaksiyon planları başlatılır. Otomatik SPC kontrol grafiklerini tüm güvenlik özelliklerine yayma çalışmaları sürmektedir. | W40: X | X40: X | Y40: X | AI40: X
A41: PPC3 | B41: Güçlendirilmiş Kontroller (Güvenli Devreye Alma) | G41: X | K41: X | L41: PPC31 | M41: Yeni ürün devreye almalarını veya mevcut üretim proseslerini güvenceye almak için önleyici sınırlama önlemleri tanımlanmış ve kullanılmaktadır. | N41: Kontrol edin: - Prosedürün dikkate alınması - Aşağıdaki önleyici tedbirler: * Tüm yeni/değiştirilmiş parçalar veya büyük proses değişiklikleri * Planlı/plansız tesis duruşu sonrası uygulamalar * Çıkış kriterlerinin GSQN.004/01598_22_01972 'Önleyici Sınırlama' prosedüründeki Stellantis gerekliliklerine (süre) uyması * Tier 2 tedarikçilere aktarılması Not: Yalnızca PPAP kabul durumu 'A' alınması, önleyici sınırlama uygulamasından çıkış koşulunu karşılamaz. | O41: NOK | Q41: =IF(P41="","",IF('Aksiyon Planı'!$N41="",P41,'Aksiyon Planı'!$N41)) | R41: Tesiste Stellantis GSQN.004 / 01598_22_01972 gereklilikleriyle uyumlu resmî Önleyici Sınırlama (Güvenli Devreye Alma Planı / EPC) prosedürü bulunmamaktadır. Yeni ürün devreye alma, büyük proses değişikliği veya tesis duruşu sonrası yeniden başlatma için ayrı kontrol noktaları içeren belirlenmiş fiziksel güvenlik duvarı alanı oluşturulmamıştır. Ayrıca hatasız üretim miktarı eşiklerine dayanan resmî çıkış kriterleri ve alt kademe tedarikçilere aktarım mekanizmaları tanımlanmamıştır. | W41: X | X41: X | Y41: X | AI41: X
G42: X | K42: X | L42: PPC32 | M42: Üretim sahasında önleyici sınırlama uygulanmakta ve belgelenmektedir. | N42: İş istasyonunda kontrol edin: - Operatörün standarda uyması - Önleyici sınırlama alanlarının açık tanımlanması (operasyon sırası ve görsel yönetim) - Uygun çalışma koşulları (ör. yeterli aydınlatma, gürültü düzeyi) - Standart iş talimatları (ör. görsel yardımcılar ve sınır numuneleri) - Eğitimli operatörler - AQR entegrasyonu - Kontrol kayıtları Seri üretimde, denetim sırasında aktif önleyici sınırlama yoksa tedarikçi normalde nerede yapıldığını ve son kayıtlarını gösterebilmelidir. | O42: NR | Q42: =IF(P42="","",IF('Aksiyon Planı'!$N42="",P42,'Aksiyon Planı'!$N42)) | R42: Önleyici Sınırlama iş istasyonuna ait fiziksel yerleşim özellikleri (yüksek aydınlatma düzeyi, sınır hata numuneleri ve özel kontrol formları dahil) Güvenli Devreye Alma kalite planında tanımlanmıştır. Tam saha uygulaması ve aktif istasyon denetimi, sınırlama kontrol noktalarında resmî personel görevlendirmesi yapıldığında, ön seri/SOP üretim artışı sırasında değerlendirilecektir. | W42: X | X42: X | Y42: X | AI42: X
G43: X | K43: X | L43: PPC33 | M43: Reaksiyon planları tanımlanmış ve uygulanmaktadır. | N43: Kontrol edin: - Operatör reaksiyon planını biliyor mu? - Gerçek zamanlı sonuçlar takip edilip hızlı müdahale toplantılarına dahil ediliyor mu? - Sahadaki sapmalara anında müdahale edilip kayıt altına alınıyor ve eskalasyon yapılıyor mu? | O43: OK | Q43: =IF(P43="","",IF('Aksiyon Planı'!$N43="",P43,'Aksiyon Planı'!$N43)) | R43: Operasyonel reaksiyon planları iş istasyonlarında tanımlanmış ve uygulanmaktadır; operatörler sınırlama, hata etiketleme ve bildirim kuralları konusunda eğitimlidir. Gerçek zamanlı saha sapmaları ve hurda sayıları kaydedilir ve hızlı aksiyon için günlük Hızlı Müdahale toplantılarında incelenir. Açık eskalasyon yolları, standart eşikleri aşan proses sapmalarının sistematik olarak kaydedilmesini ve tesis yönetimine iletilmesini sağlar. Tüm yardımcı istasyonlarda görsel reaksiyon eşiği kartlarını standartlaştırma çalışmaları sürmektedir. | W43: X | X43: X | Y43: X | AI43: X
A44: Üretim Başlangıcı ve Hata Önleme Yönetimi | W44: 1 | Y44: 1 | AI44: X
A45: SP&EP1 | B45: Üretim Başlangıcı | G45: X | K45: X | L45: SP&EP11 | M45: Başlatma prosedürü tanımlanmış; her başlangıçta ve önemli olaylardan sonra (vardiya değişimi, parça numarası değişimi, bakım müdahalesi, üretim duruşu) uygulanmaktadır. Başlangıcı onaylamak için standart kontrol listesi kullanılmaktadır. | N45: Kontrol edin: - Başlatma kontrol listesinin kontrol planıyla uyumu - Yetkisiz değişiklikleri önlemek için makine parametrelerinin tanımlanması, doğrulanması, kilitlenmesi ve güvenceye alınması (ör. parola koruması) - Yazılım sürümünün veya kalibrasyonun son talebi karşıladığını kontrol eden adım bulunması - İstasyonda başlatma simülasyonu yapılarak kontrol listesiyle karşılaştırılması - Kritik veya güvenlik özelliklerinde hatalı test numunesi (red rabbit) doğrulaması yapılması | O45: OK | Q45: =IF(P45="","",IF('Aksiyon Planı'!$N45="",P45,'Aksiyon Planı'!$N45)) | R45: Tesiste vardiya başlangıcı, parça değişimi, bakım müdahaleleri ve üretimin yeniden başlatılmasını kapsayan standart başlatma ve model değişim prosedürleri kullanılmaktadır. Kontrol listeleri makine ayarlarını, ilk parça kontrolünü, kayıt sorumluluklarını ve üretimi serbest bırakma yetkisini tanımlar. Sistematik hata önleme sınama kontrolleri ile devre dışı bırakma veya kilitleme kontrollerindeki kalan eksikler SP&EP22 kapsamında ayrıca izlenmektedir. | W45: X | X45: X | Y45: X | AC45: X | AD45: X | AE45: X | AI45: X
G46: X | K46: X | L46: SP&EP12 | M46: Başlatma kontrol listesinin izlenebilirliği sağlanmış, kontrol ve ölçümler kaydedilmiş; sapma durumunda reaksiyon planı doğrulanmıştır. | N46: Geçmiş başlatma kayıtlarında aşağıdakileri doğrulayın: - Kesin başlangıç tarihinin belgelenmesi - Ayar parametrelerinin kaydedilmesi ve tolerans içinde olması - İlk parça sonuçları - Sapma varsa aksiyon başlatılması ve sonucun doğrulanması | O46: OK | Q46: =IF(P46="","",IF('Aksiyon Planı'!$N46="",P46,'Aksiyon Planı'!$N46)) | R46: Tier 2 tedarikçi olarak tüm üretim operasyonlarında başlatma kontrol listelerinin tam izlenebilirliği sağlanmaktadır. Kesin başlatma zamanları, doğrulanmış makine ayarları ve sayısal ilk parça kontrol ölçümleri Kontrol Planına göre sistematik kaydedilir. Parametre veya boyut sapmasında tanımlı sınırlama reaksiyon planları derhal başlatılır ve üretim serbest bırakılmadan önce doğrulanır. Geçmiş başlatma doğrulama kayıtlarını elektronik doküman yönetim sistemine aktarma çalışmaları sürmektedir. | W46: X | X46: X | Y46: X | AC46: X | AD46: X | AE46: X | AI46: X
G47: X | K47: X | L47: SP&EP13 | M47: İlk parça kontrolleri başlatma prosedürüne göre yapılmaktadır. Uygun olduğunda fiziksel parçaların saklanmasına ek olarak ölçüm raporları ve kayıtların izlenebilirliği korunmaktadır. | N47: Kontrol edin: - Kayıtlar ve uygunsa fiziksel parça - İlk parçaların ayrılması ve görsel tanımlanması - İlk parçanın üretim serisi/vardiya sonuna kadar saklanıp onaylı son parçayla karşılaştırılması | O47: OK | Q47: =IF(P47="","",IF('Aksiyon Planı'!$N47="",P47,'Aksiyon Planı'!$N47)) | R47: Tier 2 tedarikçi olarak ilk parça kontrolleri başlatma prosedürüne tam uygun yapılır; boyutsal ve görsel raporlar üretim partisine kadar izlenebilirdir. İlk parçalar resmî onay etiketleriyle tanımlanır ve iş istasyonunda fiziksel olarak ayrılır. Onaylı ilk parçalar üretim serisi boyunca saklanır ve proses kaymasını tespit etmek için son üretim parçasıyla karşılaştırılır. Tüm son montaj istasyonlarında özel fiziksel saklama rafları oluşturma çalışmaları sürmektedir. | W47: X | X47: X | Y47: X | AB47: X | AC47: X | AD47: X | AE47: X | AI47: X
A48: SP&EP2 | B48: Hata Önleme Yönetimi | G48: X | K48: X | L48: SP&EP21 | M48: Tüm hata önleme cihazları listelenmekte ve yönetilmektedir. | N48: Kontrol edin: - Sahadaki EP cihaz tanımlarının EP listesiyle uyumu - Ana referans numunelerin tanımı, korunması, kolay erişimi, depolanması ve kalibrasyonu - EP'nin PFMEA'ya göre uygulanması ve etkinliği (RR1 ve RR2 ile çapraz kontrol) - Kritik özelliklerin (ör. PCP veya PIS) şartnamesiyle çapraz kontrol | O48: NOK | Q48: =IF(P48="","",IF('Aksiyon Planı'!$N48="",P48,'Aksiyon Planı'!$N48)) | R48: Mevcut müşteri teknik resimleri ve iç kontrol gereklilikleri, mevcut operasyonlardaki hata önleme kontrollerinin belirlenmesini desteklemektedir. Ancak EP ana listesinin eksiksizliği ve tutarlılığı, fiziksel cihaz tanımları, PFMEA bağlantıları, sınama numunesi tanımları, koruma ve doğrulama kayıtları henüz tam olarak gösterilememiştir. STLA'ya özel PIS'in mevcut olduğu iddia edilmemektedir. Bu kontroller tamamlanana kadar kriter NOK olarak kalmaktadır. | W48: X | X48: X | Y48: X | AC48: X | AI48: X
G49: X | K49: X | L49: SP&EP22 | M49: Hata önleme cihazları, ana hat olayları (parça numarası değişimi, bakım müdahalesi ve üretim duruşu gibi) dahil tüm başlangıçlarda ve proses kontrol planına göre kontrol edilmektedir. | N49: Kontrol edin: - Hata önleme doğrulamasına katılın; proses ve dokümantasyonu kontrol ederek operatörün hata önleme kontrollerini atlamasının veya devre dışı bırakmasının mümkün olmadığını doğrulayın. - EP cihazı arızalanırsa makinenin otomatik kilitlendiğini ve parça üretemediğini doğrulayın. - Güvenlik bileşenlerinde red rabbit doğrulaması operatöre bağlı olmamalı ve makine tarafından kilitlenmelidir. | O49: NOK | Q49: =IF(P49="","",IF('Aksiyon Planı'!$N49="",P49,'Aksiyon Planı'!$N49)) | R49: Hata önleme cihazları, Kontrol Planına göre başlangıçlarda veya hat müdahaleleri sonrasında sistematik olarak doğrulanmamaktadır. Mevcut EP mekanizmaları operatörler tarafından elle devre dışı bırakılabilmekte; makinelerde EP hatası veya atlanan red rabbit doğrulaması durumunda parça işlemeyi önleyen otomatik kilitleme işlevi bulunmamaktadır. | W49: X | X49: X | Y49: X | AC49: X | AI49: X
G50: X | K50: X | L50: SP&EP23 | M50: Tüm EP hataları belgelenmeli ve tanımlı reaksiyon planları uygulanmalıdır. | N50: Kontrol edin: - Operatörün reaksiyon planını bilmesi - Hata önleme arızasının vardiya defteri, FR toplantısı vb. aracılığıyla eskale edilmesi - EP hataları zamanında giderilemezse alternatif kontrol yönteminin tanımlanıp STLA Tedarikçi Kalite Temsilcisince onaylanması | O50: OK | Q50: =IF(P50="","",IF('Aksiyon Planı'!$N50="",P50,'Aksiyon Planı'!$N50)) | R50: Tüm hata önleme arızaları için standart reaksiyon ve eskalasyon protokolü tanımlanmıştır. Operatörler işlemi durdurma, anında sınırlama uygulama ve hataları doğrudan vardiya defterine ve günlük Hızlı Müdahale toplantılarına kaydetme konusunda eğitimlidir. Çözülemeyen EP arızaları için Kontrol Planında belgelenmiş Alternatif Kontrol Yöntemi (%100 ilave görsel/manuel kontrol noktası) oluşturulmuş; müşteri kalitesiyle uyum için resmî bildirim prosedürleri hazırlanmıştır. | W50: X | X50: X | Y50: X | AC50: X | AI50: X
A51: SP&EP3 | B51: Seviye 1 Bakım | G51: X | K51: X | L51: SP&EP31 | M51: Seviye 1 (L1) bakım operasyonları tanımlanmış; ekipman tanımı, temizlik, otonom bakım ve güvenlik cihazı doğrulamasını kapsamaktadır. | N51: İş istasyonunda operatörlerle birlikte: L1 bakım iş talimatlarını kontrol edin. | O51: OK | Q51: =IF(P51="","",IF('Aksiyon Planı'!$N51="",P51,'Aksiyon Planı'!$N51)) | R51: Standart Seviye 1 (L1) otonom bakım iş talimatları tüm iş istasyonu yönetim panolarında tamamen uygulanmaktadır. Görsel talimatlar ekipman bileşenlerini, adım adım temizlik rutinlerini, düzenli yağlama noktalarını ve makine güvenlik cihazlarının (ışık perdeleri, acil durdurmalar, kilitlemeli koruyucular gibi) zorunlu doğrulamalarını açıkça tanımlar. Operatörler bu kontrolleri üretim başlamadan önce sistematik yürütmek için eğitilmiştir. | W51: X | X51: X | Y51: X | AC51: X | AI51: X
G52: X | K52: X | L52: SP&EP32 | M52: L1 bakım, üretimin sorumluluğunda operatörün iş istasyonunda yapılmaktadır. | N52: İş istasyonunda operatörlerle birlikte: Kayıtları, prosedürü ve L1 işlemlerinin istasyon iş talimatlarına dahil edildiğini kontrol edin. | O52: OK | Q52: =IF(P52="","",IF('Aksiyon Planı'!$N52="",P52,'Aksiyon Planı'!$N52)) | R52: Seviye 1 otonom bakım her operatör istasyonunda doğrudan üretim operasyonlarının sorumluluğunda yürütülmektedir. L1 görevleri Standart İş Talimatlarına (SWI) ve günlük operatör kontrol listelerine resmî olarak dahil edilmiştir. Operatörler sıvı seviyeleri, pnömatik basınç okumaları ve sensör temizliği dahil günlük kontrollerin tamamlandığını istasyon kayıtlarına sistematik işler; vardiya liderleri her vardiya başında bunları çapraz doğrular. | W52: X | X52: X | Y52: X | AI52: X
G53: X | K53: X | L53: SP&EP33 | M53: Her sapma ve anormallik kaydedilmekte, gerektiğinde daha üst seviye bakım faaliyetine eskale edilmektedir. | N53: İş istasyonunda operatörlerle birlikte: L1 bakım kayıtlarındaki sapmaları kontrol edin. | O53: OK | Q53: =IF(P53="","",IF('Aksiyon Planı'!$N53="",P53,'Aksiyon Planı'!$N53)) | R53: Tüm üretim iş istasyonlarında yapılandırılmış anormallik tespiti ve bakım eskalasyon akışı uygulanmaktadır. Operatörlerin L1 kontrollerinde belirlediği ekipman sapması, anormal titreşim veya aşınma derhal istasyon bakım kaydına işlenir ve kırmızı bakım etiketleriyle işaretlenir. Operatör yetkisini aşan sorunlar iş emirleriyle bakım bölümüne resmî olarak aktarılır; çözüm durumu nihai doğrulama ve kapanışa kadar izlenir. | W53: X | X53: X | Y53: X | AC53: X | AI53: X
A54: Garanti Sorunlarının Yönetimi | Y54: 2 | AI54: X
A55: WIM1 | B55: Organizasyon ve İşlem Süreci (İade Parçalar) | G55: X | L55: WIM11 | M55: Son müşteri garanti taleplerini, müşteri gerekliliklerine göre süreler içinde etkin yönetmek için bir süreç bulunmakta ve garanti KPI takibiyle desteklenmektedir. | N55: Kontrol edin: - Prosedür ve standartların tanımlanması - Aşama sürelerini içeren kriz yönetimi kontrol listesinin tanımlanıp kullanılması - STLA 3MIS KPI'nın Hızlı Müdahale alanında sergilenmesi - Tedarikçinin garanti yönetimi performansına ait iç KPI'larının Hızlı Müdahale veya benzeri alanda sergilenmesi - Paynter grafiklerinin kullanımı ve günlük şikâyet inceleme faaliyeti kanıtları | O55: OK | Q55: =IF(P55="","",IF('Aksiyon Planı'!$N55="",P55,'Aksiyon Planı'!$N55)) | R55: Tesiste mevcut müşteri operasyonları ve olası saha sorunları için genel Garanti Yönetimi ve Kriz Eskalasyon prosedürü bulunmaktadır. Şu anda aktif bir Stellantis projemiz yoktur; STLA ön seri veya PPAP aşamasında değiliz. Geçerli STLA garanti sorumlulukları, raporlama gereklilikleri ve yanıt süreleri ilgili faaliyetler başlamadan önce sözleşmeli Tier 1 müşterimiz aracılığıyla teyit edilecektir. | X55: X | Y55: X | AI55: X
G56: X | L56: WIM12 | M56: Bir koordinatör belirlenmiş ve görevi resmîleştirilmiştir. Tedarikçi müşteri garanti sistemine erişmelidir. Portal, ilgili olaylar için günlük kontrol edilir. | N56: Kontrol edin: - Tedarikçiden STLA garanti sistemlerine erişim kanıtlarını isteyin ve topladığı verilerle karşılaştırın. - Koordinatörün şikâyet/Bayi Alacaklarının Pareto dağılımını bildiğini doğrulayın. - Tedarikçi garanti portalına (EWT/PRAS+/B2B Spot/Supply Power) her gün erişmelidir. | O56: NR | Q56: =IF(P56="","",IF('Aksiyon Planı'!$N56="",P56,'Aksiyon Planı'!$N56)) | R56: Müşteri saha sorunlarını koordine etmek üzere iç kalite temsilcisi atanmıştır. Şu anda aktif Stellantis projemiz ve STLA garanti sistemlerine doğrudan erişimimiz yoktur. İleride STLA kapsamındaki işler için olay bildirimi, sistem takibi ve eskalasyon sorumlulukları sözleşmeli Tier 1 müşterimiz aracılığıyla kararlaştırılacaktır. STLA'ya özel izleme uygulaması bu aşamada NR olarak kalmaktadır. | X56: X | Y56: X | AI56: X
G57: X | L57: WIM13 | M57: Şüpheli parçaların iadesi müşteriyle en kısa sürede organize edilmeli; teslim alma, depolama ve kayıt süreçleri yönetilmelidir. | N57: Kontrol edin: - Zaman planı açıkça belirlenmiş ve yönetiliyor mu? - Nakliye sağlayıcısıyla resmî sözleşme var mı (ör. DHL, TNT, Chronopost vb.) veya bölgesel QEC merkeziyle yönetiliyor mu? | O57: NOK | Q57: =IF(P57="","",IF('Aksiyon Planı'!$N57="",P57,'Aksiyon Planı'!$N57)) | R57: Tesiste şüpheli garanti bileşenlerinin müşteriden veya bölgesel QEC merkezlerinden belirtilen sürelerde hızla geri alınmasını sağlayacak tanımlı süreç veya sözleşmeli lojistik sağlayıcı (ör. ekspres kurye anlaşması) bulunmamaktadır. İade parçalar için güvenli teslim alma ve depolama alanı oluşturulmamıştır. | X57: X | Y57: X | AI57: X
A58: WIM2 | B58: Ön Analiz Aşaması | G58: X | L58: WIM21 | M58: Analiz için gerekli mühendislik ve kalite kaynakları belirlenmiş ve hazırdır. | N58: Bir örnek üzerinden kontrol edin: - Düzenli toplantıların ve tanımlı hedeflerin bulunması - Problem çözümünü destekleyen özel teknik uzmanlığın (iç/dış) bulunması | O58: OK | Q58: =IF(P58="","",IF('Aksiyon Planı'!$N58="",P58,'Aksiyon Planı'!$N58)) | R58: Garanti incelemelerini koordine etmekten kalite ve mühendislik birimleri sorumludur. Her incelemede test başlamadan önce analiz sorumlusu, gerekli iç test kabiliyeti ve ihtiyaç duyulan dış laboratuvar desteği belirlenmelidir. Kaynakların uygunluğu ve sorumluluklar hata türüne göre gözden geçirilir. İade taşımacılığı ve özel teslim alma/depolama düzenlemeleri WIM13 altında ayrıca ele alınmaktadır. | X58: X | Y58: X | AI58: X
G59: X | L59: WIM22 | M59: Garanti taleplerine anında sınırlama önlemleri uygulanmaktadır. | N59: Kontrol edin: - Tedarik edilen bileşenler mevcut teknik şartnameye uygun görünse bile tedarikçi, OEM'e kök neden belirlemede destek oluyor mu (ör. daraltılmış toleranslı kontrollü partiler)? - Tedarikçinin Kontrol Planındaki kontroller uygulanıyor ve garanti hata türleri/PFMEA puanlamasıyla uyumlu mu? | O59: OK | Q59: =IF(P59="","",IF('Aksiyon Planı'!$N59="",P59,'Aksiyon Planı'!$N59)) | R59: Olası saha iadelerini yönetmek için yapılandırılmış Garanti Olayı ve Anında Sınırlama Prosedürü oluşturulmuştur. Garanti talebinde müşteri merkezleri, transit stoklar ve tesis depoları dahil tüm tedarik zincirinde anında sınırlama başlatılır. Şüpheli parçalar ilk teknik resim toleranslarını karşılasa bile mühendislik ekibimiz sınır koşullarını analiz ederek, zorlanma altında hata türünü yeniden oluşturarak ve geçici dar toleranslı ayıklama veya kontrollü deneme partileri uygulayarak OEM'i aktif destekler. Kontrol Planındaki kontrol noktaları doğrulanır; garanti hata türleri ve PFMEA şiddet dereceleriyle çapraz uyum sağlanır. | X59: X | Y59: X | AI59: X
G60: X | L60: WIM23 | M60: Ön analiz süreleri şikâyetin ciddiyetiyle ilişkilidir. Analiz standardı (kontrol listesi), gereken tüm proses adımlarını kapsaması için düzenli gözden geçirilir. | N60: Bilgi: Bu bölüm GSQN001, bölüm 5.1.2 ile uyumludur. Kontrol edin: - Tedarikçi, garanti hatasını yeniden oluşturmak için bileşen/montajı yeniden doğruluyor ve mevcut şartnameyi tekrar değerlendiriyor mu (ör. hata türü ortadan kalkana kadar daraltılmış toleranslar)? - Kontrol Planıyla çapraz kontrol yapın. - Ürün uygunluğu: Kontrol Planı kontrolleri uygulanıyor ve PFMEA'daki garanti hata türleriyle uyumlu mu? - Mevcut kontroller/standart iş/ekipman belirtilen şekilde mevcut mu? | O60: OK | Q60: =IF(P60="","",IF('Aksiyon Planı'!$N60="",P60,'Aksiyon Planı'!$N60)) | R60: İç garanti analiz yöntemi, ön analiz önceliklerini ve hedef yanıt sürelerini sorunun şiddetine göre tanımlar. Standart analiz kontrol listeleri ilgili bulgular ve proses değişiklikleri sonrasında gözden geçirilir. Bu düzenlemeler mevcut müşteri operasyonlarını ve olası saha sorunlarını destekler. STLA GSQN-001 sürelerine özel uyum iddia edilmemektedir. Gelecekteki STLA raporlama ve yanıt gereklilikleri sözleşmeli Tier 1 müşterimiz aracılığıyla teyit edilecektir. | X60: X | Y60: X | AI60: X
A61: Standartlaştırılmış İş | W61: 1 | Y61: 1 | AI61: X
A62: SW1 | B62: İş Yeri Düzeni ve Standartlaştırılmış İş (SW) | G62: X | K62: X | L62: SW11 | M62: Tüm iş yerlerinin düzenlenmesi için sistematik yaklaşım uygulanmaktadır. | N62: Kontrol edin: - Güvenlik standartları korunuyor mu (ör. KKD, saha içi trafik, presleme/ergitme gibi proses riskleri)? - Ürün koruma standartları korunuyor mu (ör. ESD, hasar, kirlenme)? - Yerleşim, malzeme eksikliği veya yanlış bileşen kullanımını önleyen iç bileşen stoklarını içeriyor mu? - Tüm konumlar doğru tanımlı mı (öncelikle yeniden işleme, giriş, hurda, ölçüm cihazı depoları)? - İstasyon düzeni yerleşimle uyumlu mu? - FIFO, görsel yönetim, temizlik, ergonomi ve proje gizliliğine uyuluyor mu? - Alanda yalnızca gerekli ve düzenli kullanılan ekipman, takım ve malzeme bulunuyor mu? Tekrarlanabilirlik için farklı alanları kontrol edin (öncelikle yeniden işleme, giriş/depo, iş istasyonları ve bakım odası). | O62: OK | Q62: =IF(P62="","",IF('Aksiyon Planı'!$N62="",P62,'Aksiyon Planı'!$N62)) | R62: Üretim ve montaj istasyonlarında sistematik iş yeri düzeni (5S) yöntemi uygulanmaktadır. Saha yerleşimleri resmî olarak tanımlanmış; bileşen hazırlama, ölçüm cihazı depolama, özel hurda kutuları ve yeniden işleme alanları için açık fiziksel sınırlar belirlenmiştir. Standart güvenlik protokolleri, kişisel koruyucu donanım (KKD) uygunluğu ve ürün koruma kuralları titizlikle sürdürülmektedir. İstasyonlar FIFO malzeme akışına ve görsel yönetime uyar; çalışma alanlarında yalnızca gerekli takımlar ve aktif bileşenler tutulur. Saha disiplinini korumak için sürekli iç 5S denetimleri yapılmaktadır. | W62: X | X62: X | Y62: X | AA62: X | AB62: X | AC62: X | AI62: X
G63: X | K63: X | L63: SW12 | M63: Standart İş Talimatları (SWI) iş istasyonunun yakınında bulunmaktadır. | N63: Kontrol edin: - İş talimatları teslim almadan bitmiş ürün sevkiyatına kadar tüm parça numaralarını ve operasyonları kapsıyor mu? Yeniden işleme (STLA ile paylaşılmış ve doğrulanmış), üretim, kalite kontrol, malzeme taşıma/lojistik dahil olmalıdır. - Operatörler kolay erişebiliyor mu (göstermelerini isteyin)? | O63: OK | Q63: =IF(P63="","",IF('Aksiyon Planı'!$N63="",P63,'Aksiyon Planı'!$N63)) | R63: Standart İş Talimatları (SWI) tüm üretim vardiyalarında operatörlerin anında erişebileceği şekilde tam belgelenmiş ve doğrudan istasyonlarda sergilenmiştir. Talimatlar giriş kontrolü, cam işleme, bileşen montajı, kalite noktaları, yeniden işleme kuralları ve bitmiş ürün ambalajlama dahil tüm aktif parça numaralarını ve proses adımlarını kapsar. Operatörlerin güncel revizyonları bildiği doğrulanmış; operasyon standartlarına rutin başvurdukları görülmüştür. Sürekli incelemeler sergilenen SWI'ların PFMEA/Kontrol Planı güncellemeleriyle uyumunu sağlar. | W63: X | X63: X | Y63: X | AB63: X | AC63: X | AI63: X
G64: X | K64: X | L64: SW13 | M64: SWI tüm iş öğelerini kapsar, yeterince ayrıntılıdır ve kontrol planıyla uyumludur. Operatör SWI'ya uymaktadır. | N64: Kontrol edin: - İstasyon yerleşimi ve takt/çevrim süresi - Kritik özelliklerin tanımlanması - Kontrol planıyla uyum: operasyon adı, kontrol sırası ve takımlar - PIS sırasında onaylanan ana numune kitabının bulunması - İşin görsellerle yeterince açıklanması (fotoğraflar, zemin işaretleri vb.) - Bazı operatörlerden SWI'yı açıklamalarını isteyin; ana adım ve kritik noktaların anlaşıldığını doğrulayın. - İstasyonda üç tam çevrim gözlemleyin; talimata uyumu ve SWI'da yer almayan yeniden işleme olup olmadığını kontrol edin. - SWI'nın operasyon tekrarlanabilirliğini sağlayacak yeterlilikte olup olmadığını değerlendirin. - SWI'daki KKD ve güvenlik gerekliliklerine uyumu kontrol edin. | O64: OK | Q64: =IF(P64="","",IF('Aksiyon Planı'!$N64="",P64,'Aksiyon Planı'!$N64)) | R64: Standart İş Talimatları (SWI) yeterince ayrıntılı, PPAP Kontrol Planıyla tam uyumlu ve operatörlerce tutarlı uygulanmaktadır. Talimatlar istasyon yerleşimini, takt/çevrim sürelerini, takım sıralamasını, kritik teknik resim özelliklerini ve gerekli KKD'yi açıkça belirtir. Görsel yardımcılar, sınır numuneleri ve iş sırası üretim boyunca yüksek proses tekrarlanabilirliği sağlar. Operatörler ana adımları ve kritik kontrol noktalarını açıkça anlar, yetkisiz yeniden işleme yapmaz. Sürekli operasyonel uygunluğu doğrulamak için denetimler sürdürülmektedir. | W64: X | X64: X | Y64: X | AB64: X | AC64: X | AD64: X | AE64: X | AI64: X
A65: SW2 | B65: Özel Proses | G65: X | K65: X | L65: SW21 | M65: Yeniden işlenen her parça bir tanımlayıcıyla izlenebilmelidir (ör. işaret, aynı cihaz/çipset üzerinde yeniden yazılan seri numarası). Yeniden işleme bekleyen parçalar şüpheli parça olarak ele alınmalıdır. | N65: Kontrol edin: - Yeniden işleme/onarım sırasında karışma riskini önleyecek tam ayrım ve iş yeri düzeni - Standart yeniden işleme talimatlarında işaretleme kuralları - Operatörden yeniden işlenmiş bir parçayı örnek alarak süreci anlatmasını isteyin; yeniden işleme tanımlama sürecini anladığını doğrulayın. | O65: OK | Q65: =IF(P65="","",IF('Aksiyon Planı'!$N65="",P65,'Aksiyon Planı'!$N65)) | R65: Tam fiziksel ayrım ve parti izlenebilirliği sağlayan standart yeniden işleme ve onarım süreci oluşturulmuştur. Yeniden işleme bekleyen parçalar, hatta yanlışlıkla karışmayı önlemek için şüpheli malzeme olarak belirlenmiş ve açık tanımlı bekleme alanlarında karantinaya alınır. Standart talimatlar zorunlu fiziksel işaretleme kurallarını (özel renk kodları ve yeniden işleme etiketleri) tanımlar. Operatörler doğrulanmış örnek parçalarla tüm yeniden işleme akışını ve tanımlama sırasını gösterecek şekilde eğitilmiştir. Yeniden işlenen seri numaralarını elektronik kaydetme çalışması sürmektedir. | W65: X | X65: X | Y65: X | AB65: X | AC65: X | AD65: X | AE65: X | AI65: X
G66: X | K66: X | L66: SW22 | M66: Yeniden işlenmiş parçaların hatta tekrar alınması, tüm kontrol planı muayene ve testlerinin yapılmasını sağlayan önceki/sonraki kontrolleri ve tanımlamayı (renkli işaretleme, tarama vb.) içerir. | N66: Kontrol edin: - Parçaların hat kabul kriterlerine göre yeniden alınması - Yeniden işleme/onarım sonrası kalitenin proses ve ilgili SWI ile doğrulanması - Parça başına izin verilen çevrim sayısı ve takibi - Yeniden işlemenin izlenebilirliği | O66: NOK | Q66: =IF(P66="","",IF('Aksiyon Planı'!$N66="",P66,'Aksiyon Planı'!$N66)) | R66: Yeniden işlenmiş parçaların üretim hattına tekrar alınmasına yönelik tanımlı kontroller eksiktir. Kontrol Planındaki tüm testlerin tekrarlandığını doğrulayan standart kontrol noktası yoktur; parça başına izin verilen azami yeniden işleme çevrimleri sınırlandırılmamış veya kaydedilmemiştir ve görsel yeniden giriş tanımı bulunmamaktadır. | W66: X | X66: X | Y66: X | AC66: X | AD66: X | AE66: X | AI66: X
G67: X | K67: X | L67: SW23 | M67: Özel proseslerin uygulanması ve parametreleri izlenmektedir. | N67: Kontrol edin: - İş talimatı parametreleriyle makine parametrelerinin uyumu (ısıl işlem, kaplama, kaynak, boyama vb.) - Parametrelerin kaydı (kontrol planıyla uyum) - AQR/CQI özel gerekliliklerinin SWI'ya dahil edilmesi | O67: OK | Q67: =IF(P67="","",IF('Aksiyon Planı'!$N67="",P67,'Aksiyon Planı'!$N67)) | R67: Özel prosesler (cam temperleme/ısıl işlem ve serigrafi dahil) PPAP Kontrol Planına ve ilgili CQI standartlarına uygun sıkı şekilde izlenip kontrol edilmektedir. Fırın ısıtma bölgesi sıcaklıkları, çevrim soğutma basınçları ve mürekkep kürlenme profilleri gibi anlık makine parametreleri yayımlanmış iş talimatı toleranslarıyla eşleşir. Üretim reçeteleri kayıtlıdır, yetkisiz değişikliklere karşı kilitlenmiştir ve her üretim partisi için sistematik kaydedilir. AQR/CQI özel gereklilikleri saha SWI'larına tamamen dahil edilmiştir. Otomatik sürekli pirometre/sıcaklık kayıt iyileştirmeleri devreye alınmaktadır. | W67: X | X67: X | Y67: X | AC67: X | AD67: X | AE67: X | AI67: X
A68: SW3 | B68: Uygun Olmayan Ürünün Yönetimi | G68: X | K68: X | L68: SW31 | M68: NOK veya şüpheli parçaları yönetmek için tüm organizasyonda tutarlı işaretleme ve görsel yönetim tanımlanıp uygulanmıştır. | N68: Üretim sahasında kontrol edin: - NOK ve şüpheli parça tanımlama sisteminin tüm alanlarda kullanılması (giriş, iş/kontrol istasyonları, yeniden işleme vb.) - Uygun parçalarla karışmayı önleyen görsel yönetim (zemin işaretleri, etiketler, renk kodları) - Operatör ve amirlerin uygunsuzluk tanımlama sistemini anlaması (ör. zemin işaretleri, etiketler, özel kutular, kırmızı etiket) | O68: OK | Q68: =IF(P68="","",IF('Aksiyon Planı'!$N68="",P68,'Aksiyon Planı'!$N68)) | R68: Uygunsuz (NOK) ve şüpheli parçalar için standart görsel tanımlama ve işaretleme sistemi tüm tesiste uygulanmaktadır. Uygun parçalarla karışmayı önlemek için giriş kontrolünde, üretim hücrelerinde, kalite noktalarında ve yeniden işleme alanlarında açık zemin işaretleri, kırmızı sınırlama kutuları ve zorunlu kırmızı uygunsuzluk etiketleri kullanılır. Operatör ve vardiya liderlerinin karantina etiketi uygulama, hata tanımı kaydetme ve görsel ayrım sınırlarını koruma yetkinliği doğrulanmıştır. Sürekli denetimler hurda noktalarındaki 5S sınır bütünlüğünü sağlar. | W68: X | X68: X | Y68: X | AB68: X | AC68: X | AD68: X | AE68: X | AI68: X
G69: X | K69: X | L69: SW32 | M69: Tüm şüpheli parçalar ayrılmakta (karantina), kaydedilmekte ve yönetilmektedir. | N69: Kontrol edin: - Operatörlerin NOK parçaları nasıl yönettiği (açıklamalarını isteyin) - Önceden üretilmiş ve şüpheli kabul edilen parçaların nasıl sınırlandırılıp karantinaya alındığı - İstasyon NOK kutularının uygun boyutlu ve kilitli olması; kilitlenemiyorsa açık tanımlanıp yönetilmesi (ör. büyük parçaların imhası veya kırmızı işaretleme) - Karantina alanının kilitli ve yetkili kişi listesinin bulunması - Karantina alanında miktar ve tarihlerin belgeli listesi | O69: OK | Q69: =IF(P69="","",IF('Aksiyon Planı'!$N69="",P69,'Aksiyon Planı'!$N69)) | R69: Şüpheli ve uygunsuz malzemeler güvenli karantina protokolüyle ayrılır, kaydedilir ve kontrol edilir. İstasyonlarda özel, açık tanımlı NOK kapları bulunur; kutulanamayan büyük cam panellere yeniden kullanımı önlemek için derhal tahrip edici hata işareti veya belirgin karantina etiketi uygulanır. Operatörler, hata tespitinde önceki parçaların geriye dönük karantinası dahil sınırlama sınırlarını bilir. Ana karantina alanı fiziksel olarak kilitlidir; yalnızca yetkili kalite personeli erişebilir. Aktif karantina kaydı parça miktarı, giriş tarihi, ret nedeni ve ürün karar durumunu içerir. | W69: X | X69: X | Y69: X | AB69: X | AC69: X | AD69: X | AE69: X | AI69: X
G70: X | K70: X | L70: SW33 | M70: Sınırlama süreci, müşteriyi güvenceye almak ve uyarmak için tüm olası konumlardaki uygunsuz ürün miktarlarının kontrolünü içerir. | N70: Tedarikçiden sınırlama çalışma sayfasını da doldurarak tam kapsamlı sınırlama doğrulaması simülasyonu yapmasını isteyin. Kontrol edin: - Sıralama tesisleri ve üretim dışı alanlar (ör. laboratuvar, Ar-Ge) dahil tüm olası konumların belirlenmesi - Fiziksel ve sistemsel miktarların kontrolü - BT sistemi değişikliğinde sınırlamanın yeniden kontrolü Bir örnek üzerinden: - İlk onaylı parti etiketinin/teslimat numarasının STLA şikâyet sistemine doğru kaydı - Onaylı OK partinin STLA tarafından kolay tanınması için özel etiketle işaretlenmesi | O70: OK | Q70: =IF(P70="","",IF('Aksiyon Planı'!$N70="",P70,'Aksiyon Planı'!$N70)) | R70: Sınırlama süreci üretim, depolama, kontrol ve ilgili diğer konumlarda şüpheli malzemenin tanımlanmasını, miktar mutabakatını ve ayrılmasını kapsar. İlgili sistem blokajları ve ilk uygun ürün başlangıç noktası sevkiyat kayıtlarına bağlanır. Müşteri bildirimi yetkili Tier 1/müşteri kanalıyla koordine edilir. Erişim beklenirken STLA şikâyet portalına doğrudan erişim veya doğrudan kayıt yapıldığı iddia edilmemektedir. | W70: X | X70: X | Y70: X | AI70: X
A71: Risk Azaltma | W71: 1 | Y71: 1 | AI71: X
A72: RR1 | B72: PFMEA Kapsamı | G72: X | L72: RR11 | M72: PFMEA'lar tüm parça numaraları ve operasyonlar (taşıma, etiketleme, ara depolama vb. dahil) için mevcut olup fonksiyonlar arası ekipçe hazırlanmıştır. Tedarikçi tarafından değerlendirilip onaylanmıştır (ör. tedarikçi PFMEA kontrol listesi veya STLA RR kriterleri). | N72: PPQ ve APQP geliştirme aşamasında PFMEA APQP özetindeki tam kontrol listesini kullanın. Seri üretimde tedarikçinin aşağıdaki konularda PFMEA'yı nasıl doğruladığını örneklerle kontrol edin: - Tüm proses adımları dahil olmalıdır (yeniden işlenmiş parçaların normal parçalar gibi standart akışa yeniden alınması ve kullanılan alternatif/yedek yöntemler dahil). - PFMEA, STLA listesindeki tüm özel ürün özelliklerini uygun tanımlarıyla içermelidir. S (güvenlik), R (mevzuat), P (araç fonksiyonu) özelliklerine özel dikkat gösterin. - Olası hata nedeni kesin olmalı ve hata türünün nasıl oluşabileceğini açıkça anlatmalıdır. 'Operatör hatası' gibi ifadeler kullanılmamalıdır; bunun 'operatörün yanlış bileşeni alması' gibi birden çok nedeni olabilir. | O72: OK | Q72: =IF(P72="","",IF('Aksiyon Planı'!$N72="",P72,'Aksiyon Planı'!$N72)) | R72: Temel PFMEA, üretim, taşıma, etiketleme, ara depolama ve ilgili yeniden işleme akışlarını kapsayan fonksiyonlar arası ekip tarafından hazırlanmış ve içeride incelenmiştir. Tedarikçi onayı iç PFMEA inceleme süreciyle yönetilir. Müşteriye özel puanlama ve önceliklendirme gerekliliklerinin teyidi RR13 altında izlenmekte; tamamlanmamış önerilen aksiyonların uygulanması ve etkinliği RR21 altında değerlendirilmektedir. | W72: X | X72: X | Y72: X | AI72: X
G73: X | L73: RR12 | M73: PFMEA alanlarının içeriği ve puanlaması müşteri kılavuzuna uygun tanımlanmıştır. Tedarikçi farklı kurallar kullanıyorsa tüm riskler AIAG/VDA FMEA el kitabına göre dikkate alındığında STLA kabul edebilir. | N73: PPQ ve APQP geliştirme aşamasında PFMEA APQP özetindeki tam kontrol listesini kullanın. Seri üretimde örnekler üzerinden doğrulayın: - Operatörün yaptığı görsel/işitsel/dokunsal veya manuel ölçümlü (nitel/nicel) kontrolün tespit puanı ≥ 8 olmalıdır; etkinliği kanıtlanmış kontrol (Gage R&R) varsa 6 olabilir. - Oluşum puanları mevcut proseslerdeki uygunsuzluklardan türetiliyor mu? - Aksiyon sonrası yeniden puanlamada hem tespit hem oluşum puanının birlikte değiştirilmediğini kontrol edin. | O73: OK | Q73: =IF(P73="","",IF('Aksiyon Planı'!$N73="",P73,'Aksiyon Planı'!$N73)) | R73: PFMEA alan tanımları ve puanlama, tesisin belgeli AIAG/VDA tabanlı yöntemini izler. Oluşum değerlendirmelerinde mevcut proses ve hata verileri; tespit değerlendirmelerinde gerçek kontrol yöntemi ve kanıtlanmış yeterlilik kullanılır. Puanlar yalnızca destekleyici kanıt doğrulandıktan sonra güncellenir. İlave müşteriye özel puanlama veya Aksiyon Önceliği gereklilikleri RR13 kapsamında teyit edilecektir. | W73: X | X73: X | Y73: X | AI73: X
G74: X | L74: RR13 | M74: Yüksek şiddet puanlarında veya yüksek riskli maddelerde FMEA ekibi, riskin mevcut tasarım kontrolleri veya önerilen aksiyonlarla sürekli ele alınmasını sağlar. | N74: PPQ ve APQP geliştirme aşamasında PFMEA APQP özetindeki tam kontrol listesini kullanın. Seri üretimde örnekler üzerinden doğrulayın: - Aksiyon Önceliği seviyesi (Yüksek, Orta, Düşük) STLA öncelik tablolarına göre tanımlı mı (ör. listenin mevcut olması ve şiddeti 9 veya 10 olan tüm maddeleri içermesi)? - Belirlenen her yüksek riskli hata türü için aksiyon planı oluşturulmuş mu? - Aksiyonlar sahada uygulanmış mı? | O74: NR | Q74: =IF(P74="","",IF('Aksiyon Planı'!$N74="",P74,'Aksiyon Planı'!$N74)) | R74: Yüksek şiddetli hata türleri için saha aksiyon planlarını resmî olarak tanımlamak, uyumlamak ve önceliklendirmek amacıyla gereken resmî STLA Aksiyon Önceliği (AP) doğrulama tabloları veya müşterinin zorunlu risk eşikleri elimizde bulunmadığından sistematik risk azaltma iş akışı henüz doğrulanamamıştır. | W74: X | X74: X | Y74: X | AI74: X
A75: RR2 | B75: Yüksek Riskli Maddelerin Yönetimi | G75: X | K75: X | L75: RR21 | M75: P-FMEA'da belgelenen önerilen aksiyonlar tamamlanmış ve puanlama buna göre güncellenmiştir. | N75: Proses denetimi sırasında SQE, ters PFMEA saha yürüyüşü yapmalıdır; puanların tanımlanan olası hatalarla uyumunu sahada kontrol edin. - PFMEA oluşum puanlarını gerçek üretim hata oranlarıyla doğrulama prosedürü var mı? - Risk seviyesini (Yüksek, Orta, Düşük) azaltan aksiyon planlarının yönetimini doğrulayın; önerilen aksiyonlar uygulandıktan sonraki puanlamayı inceleyin. - PFMEA ve Kontrol Planı revizyonları tutarlı mı; son önerilen aksiyonlar Kontrol Planına dahil edilmiş mi? | O75: NOK | Q75: =IF(P75="","",IF('Aksiyon Planı'!$N75="",P75,'Aksiyon Planı'!$N75)) | R75: Ters PFMEA faaliyetleri oluşturulmuş ve RR32 altında izlenmektedir. Bu kriter açısından, önerilen tüm PFMEA aksiyonlarının eksiksiz uygulanması ve etkinlik doğrulaması henüz gösterilememiştir. Aksiyon sonrası puanların ve ilgili Kontrol Planı revizyonlarının gerçek saha kontrolleriyle mutabakatı gerekir. Açık aksiyonların kapanışı ve revizyon tutarlılık kontrolleri tamamlanana kadar kriter NOK olarak kalır. | W75: X | X75: X | Y75: X | AI75: X
G76: X | K76: X | L76: RR22 | M76: Yeniden işlemenin hata türleri PFMEA'da dikkate alınmış ve Proses Akışında yeniden giriş noktasıyla birlikte tanımlanmıştır. | N76: PFMEA'yı alıp yeniden işleme ve bileşenlerin yeniden kullanımının sahada nasıl uygulandığını kontrol edin: - Akıştan çıkarma ve yeniden giriş noktaları - Yeniden işlenen bileşenlerin doğru tanımı ve izlenebilirliği | O76: OK | Q76: =IF(P76="","",IF('Aksiyon Planı'!$N76="",P76,'Aksiyon Planı'!$N76)) | R76: Yeniden işleme kaynaklı hata türleri, akıştan çıkarma ve planlanan yeniden giriş noktaları PFMEA ve Proses Akışında belirlenmiştir. Analiz ikincil hasar, yanlış tanımlama ve atlanan tekrar kontrolleri gibi riskleri kapsar. Operasyonel serbest bırakma kriterleri, izin verilen yeniden işleme çevrimleri ve tekrar kontrol doğrulamaları, açık olan SW22 kapsamında ayrıca ele alınmaktadır. | W76: X | X76: X | Y76: X | AI76: X
G77: X | L77: RR23 | M77: Kirlenmeden etkilenebilecek tüm alanlar/operasyonlar ve kirlenmeyle ilgili hata türleri belirlenmiş ve PFMEA'da dikkate alınmıştır. | N77: PFMEA örneğini ve ilgili AQR'ları kontrol edin: - Temiz oda kullanımında koruyucu kıyafetler tanımlanıp zorunlu tutuluyor mu? - Boyamada dış kirleticileri engellemek için pozitif basınç korunuyor mu? - Elektronik bileşenler/cihazlar ve PCB için (AQ.00174), kirlenmeyi (toz, malzeme artığı vb.) önleyen özel temizlik var mı? - Talaşlı işlemede metal talaşı (alüminyum vb.) riski dikkate alınıyor mu? - Parça içine/üzerine yabancı malzeme karışması riskini değerlendirin (ör. montaja vida düşmesi, konveyörde yağ). | O77: OK | Q77: =IF(P77="","",IF('Aksiyon Planı'!$N77="",P77,'Aksiyon Planı'!$N77)) | R77: Cam yıkama, serigrafi, profil montajı ve yapıştırma dahil kirlenmeye duyarlı tüm üretim bölgeleri ayrıntılı tanımlanmış ve hata türleri PFMEA'da analiz edilmiştir. Operatör koruyucu ekipmanı, tüy bırakmayan silme yöntemleri, baskı alanlarında pozitif hava akışı/havalandırma ve düzenli konveyör yağ temizliği dahil temizlik standartları titizlikle uygulanır. Özel önlemler alüminyum çapaklarının, tozun veya gevşek bağlantı elemanlarının bitmiş cam montajlarını kirletmesini önler. | W77: X | X77: X | Y77: X | AI77: X
A78: RR3 | B78: PFMEA Gözden Geçirmesi | G78: X | L78: RR31 | M78: Genel ve/veya bileşene özel PFMEA'lar her değişiklik, kalite sorunu ve düzeltici aksiyonda gözden geçirilip güncellenmektedir. | N78: Kontrol edin: - Son müşteri şikâyeti, kalite sorunu veya değişikliğin PFMEA'ya aktarılması (revizyon indeksi tutarlı olmalı) - Uygulanan aksiyonların etkinliği dahil inceleme planı bulunması - Öğrenilen derslerin PFMEA güncellemesinde kullanımı - Tüm bulguların gerektiğinde Proses Akışı, PFMEA, Kontrol Planı ve İş Talimatlarına aktarılması (PPC11 ve PPC13 ile çapraz kontrol) | O78: OK | Q78: =IF(P78="","",IF('Aksiyon Planı'!$N78="",P78,'Aksiyon Planı'!$N78)) | R78: Genel ve bileşene özel PFMEA'lar yaşayan dokümanlar olarak korunur; 4M mühendislik değişikliği, iç hata eğilimi, müşteri şikâyeti veya 8D düzeltici aksiyonu sonrasında sistematik gözden geçirilip güncellenir. Yıllık ve olaya bağlı inceleme takvimi, uygulanan karşı önlemlerin uzun dönem etkinliğini değerlendirir; oluşum ve tespit puanları buna göre güncellenir. Öğrenilen Dersler veri tabanındaki temel bilgiler, mevcut ve yeni programlarda tekrarı önlemek üzere hata türü kataloğuna doğrudan dahil edilir. Tüm güncellemelerde revizyon indeksi tutarlılığı korunur ve PPC11/PPC13 gereklilikleriyle tam uyumlu olarak Proses Akış Şemasına, Kontrol Planına ve saha İş Talimatlarına otomatik aktarılır. | W78: X | X78: X | Y78: X | AD78: X | AE78: X | AI78: X
G79: X | L79: RR32 | M79: Ters PFMEA faaliyetleri planlanmakta ve izlenmektedir. | N79: Yeni olası hata türlerini belirleyen veya mevcut hata türlerini sahada doğrulayan ters PFMEA (önleyici yaklaşım) süreci bulunmaktadır. Kontrol edin: - Tedarikçi istasyonda kasıtlı hata oluşturarak her hata türünü sınıyor mu? - Ters PFMEA sıklığı düzenli veya başka kriterlere (ör. risk analizi) göre belirlenmiş mi? - Operasyon öncelikleri ve planlanan/tamamlanan durumlarını içeren inceleme planı var mı? | O79: OK | Q79: =IF(P79="","",IF('Aksiyon Planı'!$N79="",P79,'Aksiyon Planı'!$N79)) | R79: Sahada proses kontrollerini önleyici olarak sınamak ve PFMEA'nın tespit etkinliğini doğrulamak için yapılandırılmış Ters PFMEA süreci uygulanmaktadır. Kalite, Üretim, Proses ve Bakım ekipleri, hata türlerinin kasıtlı oluşturulduğu planlı istasyon sınamaları yapar (ör. poka-yoke atlama, sınırda bileşen kullanma, yanlış montaj yönü simülasyonu). Yıllık denetim planı, RPN/AP puanları ve geçmiş hata Pareto verilerine göre yüksek riskli operasyonlara öncelik verir. Tüm bulgular, planlanan/tamamlanan incelemeler ve ilgili sınırlama/düzeltici aksiyonlar sistematik kaydedilir ve kapanışa kadar izlenir. | W79: X | X79: X | Y79: X | AD79: X | AE79: X | AI79: X
G80: X | L80: RR33 | M80: Aksiyonlar uygulanmakta; öğrenilen dersler organizasyon genelinde aktarılıp yaygınlaştırılmaktadır (yeni projeler ve seri üretim). | N80: Örnekler üzerinden (ör. önceki iç/dış sorunlar) aksiyon planı ve öğrenilen derslerin nasıl yayıldığını kontrol edin: - Bilgiye ihtiyacı olan herkes kolay erişebiliyor mu (ör. grup düzeyinde merkezi öğrenilen dersler süreci)? - Güncelleme planı ve gerekçelerine örnekler var mı (ör. ters PFMEA sonrası güncelleme)? - Yeni proje geliştirmede: Yeni öğrenilen dersler nasıl dikkate alınıyor (ör. APQP aşama kapıları)? Benzer olabilecek tüm ürün/prosesler kapsanıyor mu? Ters PFMEA sonuçları nasıl dikkate alınıyor? | O80: OK | Q80: =IF(P80="","",IF('Aksiyon Planı'!$N80="",P80,'Aksiyon Planı'!$N80)) | R80: Geçmiş kalite sorunlarını, 8D düzeltici aksiyonlarını ve Ters PFMEA bulgularını hem seri üretimde hem yeni proje APQP aşama kapılarında sürekli iyileştirmeye bağlayan standart Öğrenilen Dersler ve yaygınlaştırma süreci tamamen oluşturulmuştur. Merkezi ve erişilebilir veri tabanı aktif tutulur; mühendislik, takım ve kalite ekiplerince incelenir. İç uygunsuzluklar, müşteri geri bildirimleri ve saha Ters PFMEA denetimlerinden elde edilen dersler, tüm benzer ürün hatları ve cam işleme hücreleri için zorunlu çapraz kontrolleri tetikler. Yeni proje geliştirmede (APQP Aşama 2/3) tasarım ve proses mühendisliği kontrol formları, arşivlenmiş derslerin ve ters PFMEA sonuçlarının yeni takım tasarımlarına, Proses Akışına, PFMEA ve Kontrol Planlarına dahil edildiğini doğrulayan açık onay gerektirir. | W80: X | X80: X | Y80: X | AD80: X | AE80: X | AI80: X
A81: Değişiklik Yönetimi | Y81: 2 | AI81: X
A82: MC1 | B82: Değişikliklerin Kontrolü ve İzlenmesi | F82: X | G82: X | L82: MC11 | M82: Planlı ve acil değişiklikler için değişiklik yönetimi (ürün, proses, Tier N ve BT sistemleri) tanımlanıp uygulanmaktadır. | N82: Kontrol edin: - Tasarım/proses değişikliği, Tier N ürün/proses değişikliği, yeni ekipman kurulumu, ekipman taşıma, yeniden işleme, yazılım değişikliği, transfer veya BT sistemi geliştirmesi örneğiyle dokümantasyon - MRP sistemi, depo yönetim yazılımı, EDI sunucusu gibi veri sistemi değişikliklerinin büyük değişiklik sayılması - Planlı ve acil değişiklikleri risk yönetimi, eskalasyon kuralları ve zaman kontrolüyle yöneten süreç bulunması | O82: OK | Q82: =IF(P82="","",IF('Aksiyon Planı'!$N82="",P82,'Aksiyon Planı'!$N82)) | R82: Tüm üretim, tedarik zinciri ve bilgi teknolojisi operasyonlarında kapsamlı Değişiklik Yönetimi Prosedürü (4M ve BT) oluşturulmuş ve uygulanmaktadır. Süreç planlı mühendislik değişikliklerini ve acil müdahaleleri yönetir; ürün tasarımları, üretim prosesleri, takım taşımaları, Tier N değişiklikleri, yeniden işleme onayları ve yazılım/BT gelişmelerini kapsar. MRP, depo yönetim yazılımı ve müşteri EDI sunucuları gibi kritik veri altyapısı güncelleme/yapılandırmaları büyük değişiklik sayılır; sıkı teknik yeterlilik onayı ve imzalara tabidir. Her değişiklik talebi, kusursuz uygulama için disiplinler arası risk değerlendirmesi (PFMEA güncellemesi), belgeli eskalasyon kuralları ve sıkı kilometre taşı zaman kontrolüyle desteklenir. | X82: X | Y82: X | AI82: X
G83: X | L83: MC12 | M83: Tüm değişiklikleri belgelemek ve onaylamak için değişiklik yönetimi süreci kullanılmakta; Doküman Kontrol Süreciyle kontrol edilmektedir. | N83: Kontrol edin: - Tesiste kullanılan prosedür ve formlar - Uygunsuz ürün sevkiyatından önce müşteri onayının istenmesi - Hem değişikliklerin hem uygunsuz ürünlerin izlenebilirliğini sağlayan araç kullanımı | O83: OK | Q83: =IF(P83="","",IF('Aksiyon Planı'!$N83="",P83,'Aksiyon Planı'!$N83)) | R83: Tüm ürün, proses ve sistem değişiklikleri merkezi Doküman Kontrolü ve Mühendislik Değişiklik Yönetimi akışıyla titizlikle belgelenir, onaylanır ve arşivlenir. Tesiste standart mühendislik değişiklik talebi (ECR) ve emri (ECO) formları resmî kullanılır. Geçici proses farklılıklarında uygunsuz veya sapmadan etkilenmiş ürün sevk edilmeden önce belgeli müşteri onayı almak için resmî şartlı kabul/sapma süreci uygulanır. Dijital izlenebilirlik araçları ve ERP takibiyle değişiklik tarihleri, etkilenen parti numaraları, teknik resim revizyon indeksleri ve ayrılmış uygunsuz partiler arasında kesintisiz izlenebilirlik korunur. | X83: X | Y83: X | AI83: X
G84: X | L84: MC13 | M84: Tedarikçiler tüm değişiklikleri müşteriye zamanında bildirmeli ve uygulama öncesinde belgeli onay almalıdır. | N84: Kontrol edin: - Sevkiyat öncesi müşteri onay kanıtları (onaylı Forever Requirement - xFCA ve onaylı FETE - xPSA) - Müşteri gerekliliğine uyulması - Güncellenecek etkilenen dokümanların belirlenmesi (teknik resim, PFMEA, Kontrol Planı, Bakım Planı, SWI vb.) | O84: NOK | Q84: =IF(P84="","",IF('Aksiyon Planı'!$N84="",P84,'Aksiyon Planı'!$N84)) | R84: Tesisin şu anda resmî STLA değişiklik onay platformlarına, FETE/xFCA portal başvuru kurallarına ve sevkiyat öncesi onayları düzenleyen müşteri geçerlilik kriterlerine erişimi yoktur. Bu nedenle müşteri onay kilometre taşları ile iç doküman güncellemeleri (PFMEA, Kontrol Planı, Bakım Planı) arasındaki resmî eşgüdüm doğrulanamamaktadır. | X84: X | Y84: X | AI84: X
A85: Bakım | Y85: 2 | AI85: X
A86: MAI1 | B86: Bakım Organizasyonu | G86: X | K86: X | L86: MAI11 | M86: Tesisteki tüm makineler, takımlar, ekipmanlar, tesisler ve hata önleme cihazlarını kapsayan, yetkin kaynaklarla yürütülen bakım süreci uygulanmaktadır. Kapsam kestirimci, önleyici ve düzeltici bakımı içermelidir. | N86: Kontrol edin: - Önleyici/kestirimci bakım planı bulunması ve takibi - Plan örneğinde tüm ekipmanların (makine, takım, mastar vb.), yapılacak operasyonların, her operasyon süresinin, planlanan zamanın, genel bakım ve planlama sorumlusunun bulunması - Düzeltici bakımda sorumlu kişiye atanmış görev bildirimi örneği - Bakım sonrası ekipmanın SOP standardına göre yeniden başlatılması (SP&EP12 ile çapraz kontrol) - Bakımın yetkin operatörlerce yapılması ve teknik yetkinlik listelerinin yönetilmesi | O86: NOK | Q86: =IF(P86="","",IF('Aksiyon Planı'!$N86="",P86,'Aksiyon Planı'!$N86)) | R86: MAI12 ve MAI13 altında belirtildiği üzere önleyici ve kestirimci bakım planları ve faaliyet kayıtları mevcuttur. MAI11 açısından tüm ilgili varlıkların ve hata önleme cihazlarının tam kapsamı, atanan personel yetkinliklerinin uyumu ve bakım sonrası tutarlı yeniden başlatma doğrulaması henüz tam gösterilememiştir. Kapanış öncesi bu kapsam ve uygulama kontrolleri tamamlanmalıdır. | X86: X | Y86: X | AI86: X
G87: X | K87: X | L87: MAI12 | M87: Kestirimci ve önleyici bakım planlaması, riski, öğrenilen derslerin yaygınlaştırılmasını ve tekrarlayan düzeltici bakım sorunlarını dikkate almalıdır. | N87: Kontrol edin: - Önleyici/kestirimci bakım planının yönetimce onaylanması - Plan örneğinde operasyon durumlarının bulunması (ör. OK, NOK, iptal, ertelendi) - Ertelenen görevlerin yönetimi - Düzeltici bakım verilerinin düzenli toplanıp analiz edilmesi - Verilerin öğrenilen dersler ve yaygınlaştırma sürecinde kullanımı - Bu süreçle iyileştirilen kestirimci/önleyici bakım görevlerinin revizyon kanıtları | O87: OK | Q87: =IF(P87="","",IF('Aksiyon Planı'!$N87="",P87,'Aksiyon Planı'!$N87)) | R87: Yıllık Önleyici ve Kestirimci Bakım Planı tesis yönetimince resmî onaylanmış; ekipman risk analizi, MTBF/MTTR eğilimleri ve tekrarlayan düzeltici bakım verilerine göre dinamik güncellenmektedir. Plan her varlık için anlık uygulama durumunu (OK, NOK, Tamamlandı, Ertelendi) gösterir. Ertelenen her görev resmî izin, riskin yeniden değerlendirilmesi ve zorunlu yeni tamamlanma tarihi gerektirir. Plansız duruşların arıza geçmişi ve kök neden analizleri, tekrarlayan arızaları önlemek üzere bakım sıklıklarının, kontrol listelerinin ve kestirimci izleme rutinlerinin (ör. termal görüntüleme, titreşim analizleri) düzenli güncellenmesini tetikleyen tesisler arası Öğrenilen Dersler veri tabanına dahil edilir. | X87: X | Y87: X | AC87: X | AI87: X
G88: X | K88: X | L88: MAI13 | M88: Tüm bakım faaliyetlerinin ve sonuçlarının kayıtları resmîleştirilmiş ve doğru doldurulmuştur. | N88: - Bakım sonuçlarını inceleyip tüm bilgilerin kaydedildiğini doğrulayın. - MAI11'deki planı kullanın; bir ekipman seçerek son önleyici, kestirimci ve düzeltici bakım operasyonlarını kontrol edin. | O88: OK | Q88: =IF(P88="","",IF('Aksiyon Planı'!$N88="",P88,'Aksiyon Planı'!$N88)) | R88: Tüm üretim ve test varlıkları için standart bakım kayıt formları ve dijital iş emri kayıtları sistematik tutulmaktadır. Tamamlanan önleyici, kestirimci ve düzeltici bakımlar; işlem zamanı, teknisyen imzası, değiştirilen yedek parça referansı, ölçülen çalışma parametreleri ve müdahale sonrası doğrulama onaylarıyla tam belgelenir. Kritik hat ekipmanındaki örnek denetimler, Ana Bakım Planındaki görevlerle fiziksel istasyon bakım kayıtlarının tam tutarlılığını doğrulamaktadır. | X88: X | Y88: X | AI88: X
A89: MAI2 | B89: Yedek Parça Yönetimi | G89: X | K89: X | L89: MAI21 | M89: Kritik yedek parça listesi tanımlanmış ve yönetilmektedir. | N89: Kontrol edin: - Yedek parça listesinin bulunması - Liste yönetiminde risk analizi kriterlerinin kullanılması | O89: OK | Q89: =IF(P89="","",IF('Aksiyon Planı'!$N89="",P89,'Aksiyon Planı'!$N89)) | R89: Depo stok sistemimizde özel Kritik Yedek Parça Ana Listesi oluşturulmuş ve aktif yönetilmektedir. Sınıflandırma; tek kaynaktan temin, bileşen tedarik süresi, ekipman arızasının şiddeti ve müşteri teslimatlarına etkisini değerlendiren risk matrisine dayanır. Kesintisiz üretim için tüm kritik parçalarda asgari/azami emniyet stokları (Min/Maks eşikleri), otomatik yeniden sipariş tetikleyicileri ve düzenli fiziksel sayımlar tanımlanmıştır. | X89: X | Y89: X | AC89: X | AI89: X
G90: X | K90: X | L90: MAI22 | M90: Kritik parçalar için asgari stok seviyesiyle yedek parça stoku mevcuttur. Fiziksel envanteri kontrol etmek üzere yedek parça takip sistemi bakım sistemiyle birleştirilmiştir. | N90: Kontrol edin: - Asgari stok seviyesi tanımlı ve parçalar mevcut mu (en az iki referansı doğrulayın, kritiklere odaklanın)? - Düzenli envanter yapılıyor mu (veri tabanı/gerçek durum)? - Geçerliyse son kullanma tarihini doğrulayın. | O90: NOK | Q90: =IF(P90="","",IF('Aksiyon Planı'!$N90="",P90,'Aksiyon Planı'!$N90)) | R90: MAI21 kapsamında kritik yedek parça listesi ve tanımlı stok eşikleri mevcuttur. Ancak asgari seviyelere göre fiziksel bulunabilirlik, stok ve bakım kayıtlarının mutabakatı ve tüm kritik referanslarda uygulama henüz tam doğrulanmamıştır. Belgeli fiziksel envanter ve stok bulunabilirlik kontrolleri tamamlanana kadar kriter NOK olarak kalır. | X90: X | Y90: X | AI90: X
G91: X | K91: X | L91: MAI23 | M91: Yedek parçalar uygun koşullarda depolanmaktadır. | N91: Kontrol edin: - 5S seviyesinin iyi olması - Parça bütünlüğünü koruyan uygun depolama koşulları | O91: OK | Q91: =IF(P91="","",IF('Aksiyon Planı'!$N91="",P91,'Aksiyon Planı'!$N91)) | R91: Tüm bakım yedek parçaları ve kritik takım bileşenleri özel, güvenli bakım deposunda kontrollü çevre koşullarında saklanır. Tüm raflarda açık etiketler, kutu konumları ve zemin işaretleriyle yüksek 5S görsel yönetim standardı korunur. Hassas elektronik kartlar, pnömatik bileşenler ve hassas mekanik parçalar; kirlenmeyi önlemek ve bütünlüklerini korumak için koruyucu ambalaj, korozyon önleyici sargı ve kapalı kutularda muhafaza edilir. | X91: X | Y91: X | AI91: X
A92: Üretim ve Malzeme Akışı Yönetimi | Y92: 2 | AI92: X
A93: MMFM1 | B93: Üretim Planlaması ve İzlenebilirlik | G93: X | K93: X | L93: MMFM11 | M93: Üretimin ana üretim programını ayrıntılı üretim planlarına dönüştürdüğü ve sahaya ilettiği bir süreç bulunmaktadır. | N93: Kontrol edin: - Haftalık Üretim Programı - EDI'den gelen sıralı siparişlerin haftalık planla uyumu ve sahada görünürlüğü - Üretim ve lojistik arasında günlük Hızlı Müdahale toplantısı - İstasyonda üretimin takibi (önde/geride olma) | O93: OK | Q93: =IF(P93="","",IF('Aksiyon Planı'!$N93="",P93,'Aksiyon Planı'!$N93)) | R93: ERP sistemi üzerinden yapılandırılmış üretim planlama ve saha iş dağıtımı uygulanmaktadır. Müşteri EDI çağrıları ve teslimat talepleri doğrudan entegre edilip ayrıntılı haftalık planlara ve vardiya iş emirlerine dönüştürülür. Her hattaki görsel panolar anlık üretim sırasını ve saatlik hız hedeflerini gösterir. Üretim ve lojistiğin günlük ortak Hızlı Müdahale toplantıları, malzeme bulunabilirliği ve sipariş sıralamasında anında uyum sağlar. İstasyonlarda gerçekleşen çıktı/hedef karşılaştırması (önde/geride durumu) saatlik izlenir; sapmalarda hızlı karşı önlemler tetiklenir. | X93: X | Y93: X | AI93: X
G94: X | K94: X | L94: MMFM12 | M94: Ürün izlenebilirliği için uygulanacak kurallar bir prosedürde tanımlanmıştır. | N94: İzlenebilirlik prosedüründe aşağıdakileri kontrol edin: - Müşteri gerekliliklerine uygun izlenebilirlik türü (tekil, parti veya FIFO) - Akıştaki tüm ara durumlarda (giriş, üretim, depolama, lojistik vb.) ürün tanımı (geçici işaret, etiket, üretim emri vb.) - Nihai ürün tanımı (işaret, barkod vb.) - Üretim sırasında Tier 2 parti değişimi - Türetilmiş akışların (yeniden işleme, yeniden ambalajlama vb.) izlenebilirliği ve yeniden giriş kuralları (aynı vardiya/gün/üretim partisi, özel parti vb.) - Teorik şüpheli parti büyüklüğünü belirlemede nicel yaklaşım ve seyrelme hesapları | O94: OK | Q94: =IF(P94="","",IF('Aksiyon Planı'!$N94="",P94,'Aksiyon Planı'!$N94)) | R94: İç izlenebilirlik prosedürü mevcut operasyonlar için malzeme/ürün tanımını, parti geçişlerini, ara depolamayı, yeniden işleme ve yeniden ambalajlama izlenebilirliğini ve şüpheli parti belirlemeyi tanımlar. Kayıtlar ilgili malzeme partilerini, üretim faaliyetlerini ve sevkiyat bilgilerini ilişkilendirir. Açık operasyonel yeniden işleme serbest bırakma kontrolleri SW22 altında izlenmektedir. STLA'ya özel izlenebilirlik gerekliliklerine karşı tam doğrulama iddia edilmemektedir; ilave gereklilikler sözleşmeli Tier 1 müşterimizce iletildiğinde incelenecektir. | X94: X | Y94: X | AA94: X | AB94: Y | AC94: Y | AD94: Y | AE94: Y | AI94: X
G95: X | K95: X | L95: MMFM13 | M95: İzlenebilirlik, izlenebilirlik özetine (APQP teslimatı) uygun olarak proses akışının her adımında uygulanmaktadır. | N95: Denetim başında (bir şikâyete dayanarak) bitmiş ürün referansı seçin ve tedarikçiden tüm izlenebilirlik unsurlarının kanıtlarını toplamasını isteyin: - Lojistikte bitmiş ürün etiketi - Üretim tarihi (saat ve tarih damgası) - Üretim emri ve yapılan tüm operasyonların izlenebilirliği - Üretim hattı - Akış dışındaki özel proses (ör. ısıl işlem) - İstasyon verileri (parametreler, kullanılan takımlar, operatör vb.) - Kullanılan ham madde ve alt bileşenler ile parti numaraları Kanıtlardan hareketle akış şemasındaki tüm operasyonların yapıldığını ve izlenebilir olduğunu doğrulayın. | O95: OK | Q95: =IF(P95="","",IF('Aksiyon Planı'!$N95="",P95,'Aksiyon Planı'!$N95)) | R95: İzlenebilirlik, onaylı APQP İzlenebilirlik Matrisine tam uyumla tüm üretim operasyonlarında sistematik yürütülmektedir. Her bitmiş cam montajı için geçmiş kayıtlar nihai lojistik etiketlerini üretim tarihi/saati, hat kimliği, iş emirleri ve istasyon parametre kayıtlarına (fırın ısıl işlem reçeteleri ve takım kimlikleri dahil) uçtan uca bağlar. Alt tedarikçi ham maddeleri (düz cam, EPDM fitiller, alüminyum profiller) tedarikçi ergitme/parti numaralarıyla tam izlenebilir. Fiziksel akış belgeli izlenebilirlik şemasıyla tamamen örtüşmektedir. | X95: X | Y95: X | AC95: X | AD95: Y | AE95: Y | AI95: X
A96: MMFM3 | B96: Üretim Hatlarının Beslenmesi | G96: X | K96: X | L96: MMFM31 | M96: İş istasyonu beslemesi oluşturulmuş; giriş malzemesinden istasyona kadar FIFO akışı sahada izlenmektedir. | N96: Sahada ekip lideriyle besleme akışını kontrol edin: - Akış yerleşiminin tanımlı olması - Besleme planının günlük güncellenmesi - Yeniden işleme istasyonu dahil FIFO'ya uyum - Uygun ekipmanla besleme miktarı kontrolü (ör. milk-run ve dengeleme) | O96: OK | Q96: =IF(P96="","",IF('Aksiyon Planı'!$N96="",P96,'Aksiyon Planı'!$N96)) | R96: Malzeme kabulünden her iş istasyonuna kadar standart iç lojistik akış yerleşimi tamamen tanımlanmış ve uygulanmaktadır. İkmal planları vardiya üretim programlarına ve hat tüketimine göre günlük güncellenir. FIFO; yerçekimli akış rafları, zemin renk kodları ve ERP hazırlama zamanlarıyla ana hücreler ve yeniden işleme döngülerinde görsel yönetilir. Hat yanı besleme, fazla stoku önleyen ve kesintisiz besleme sağlayan özel taşıma arabalarıyla planlı milk-run rotaları ve kanban miktar dengelemesi üzerinden düzenlenir. | X96: X | Y96: X | AI96: X
G97: X | K97: X | L97: MMFM32 | M97: İş istasyonu beslemesinde doğru parça referansı, izlenebilirlik, depolama ve parça tanımı sağlanmaktadır. | N97: Sahada ekip lideriyle besleme referansını kontrol edin: - Etiketleme sisteminin sağlamlığı (ör. sıra akışı, etiket konumu) - Beslenen referansta karışma riski/hata önleme - Besleme depolama koşullarının kontrolü - Besleme izlenebilirliği | O97: OK | Q97: =IF(P97="","",IF('Aksiyon Planı'!$N97="",P97,'Aksiyon Planı'!$N97)) | R97: İstasyon malzeme beslemesinde doğru referans, sağlam parti izlenebilirliği ve korumalı depolama koşulları titizlikle uygulanır. Standart barkodlu kap etiketleri taşıma boyunca görsel tarama bütünlüğü için tutarlı konumlandırılır. Renk kodlu kutular, yönlendirilmiş parça fikstürleri ve özel parça yuvaları dahil poka-yoke mekanizmaları çok modelli montaj noktalarında karışma riskini ortadan kaldırır. Hat içi depolama, hassas bileşenleri (EPDM fitiller ve kaplamalı cam gibi) toz, mekanik hasar ve aşırı sıcaklıklardan korur. Düzenli kontroller hazırlık tamponlarından istasyona tam izlenebilirlik sağlar. | X97: X | Y97: X | AB97: X | AC97: X | AI97: X
G98: X | K98: X | L98: MMFM33 | M98: İkmal ve besleme kuralları tanımlanmış ve uygulanmaktadır (üretim ve lojistik alanları). | N98: Sahada ekip lideriyle sapma ve aksiyonları kontrol edin: - Malzeme eksikliği uyarıları tetiklenebiliyor mu (ör. Andon)? - Uygunsuz besleme izlenip uyarı veriliyor mu? - Sapmada hızlı müdahale üzerinden eskalasyon kuralları ve reaksiyon planları hazır ve uygulanıyor mu? | O98: OK | Q98: =IF(P98="","",IF('Aksiyon Planı'!$N98="",P98,'Aksiyon Planı'!$N98)) | R98: Standart ikmal ve hat besleme kuralları tüm üretim ve lojistik alanlarında tamamen tanımlanmış ve uygulanmaktadır. İstasyonlar ve malzeme tamponlarında, malzeme bitmeden ihtiyacı anında bildiren çalışan Andon çağrı sistemleri ve elektronik kanban sinyalleri bulunur. Uygunsuz parça teslimatı veya kritik besleme eksikliğinde anında karantina ve sınırlama protokolleri, lojistik yönetimine hızlı eskalasyonla birlikte etkinleşir. Günlük Hızlı Müdahale rutinlerine entegre standart reaksiyon planları hızlı düzeltici tedbir, kök neden takibi ve üretim kesintisizliğini sağlar. | X98: X | Y98: X | AC98: X | AI98: X
A99: Lojistik | Y99: 2 | AI99: X
A100: LOG1 | B100: Tedarik Süreci (Giriş) | G100: X | K100: X | L100: LOG11 | M100: Teslimat takip süreci tanımlanmış, devreye alınmış ve uygulanmaktadır. Operasyonlar standartlaştırılmış; görsel yönetim teslimat performansının anlık takibini sağlamaktadır. | N100: Kontrol edin: - Tüm kabul sürecinin standart operasyon sırası (teslimat yerleşimi, standart iş talimatları) - Kabul planıyla fiziksel teslimatların karşılaştırılması (hacim ve uygunluk, kamyon/gün, kaynaklar) - Tesis kesintisini önleyen ön aşama kilometre taşları ve kontroller - Teslimatların takibi (görsel yönetim) | O100: OK | Q100: =IF(P100="","",IF('Aksiyon Planı'!$N100="",P100,'Aksiyon Planı'!$N100)) | R100: Ayrıntılı Standart İş Talimatları (SWI) ve belirlenmiş boşaltma alanlarıyla uçtan uca giriş lojistiğini yöneten standart mal kabul ve teslimat takip süreci uygulanmaktadır. Günlük teslimat planları, hacim, bileşen uygunluğu, araç sıklığı ve taşıma kaynaklarını anlık izleyerek planlı araç varış saatleriyle koordine edilir. Hat besleme uyuşmazlıkları ve tesis duruşlarını önlemek için ön sevkiyat bildirimi (ASN) doğrulaması ve rıhtım girişinde barkod kontrolü dahil erken doğrulama noktaları oluşturulmuştur. Giriş performansı ve taşıyıcı dakikliği, gecikmelere anında aksiyon için canlı lojistik panolarında görsel yönetilir. | X100: X | Y100: X | AI100: X
...

Sheet Aksiyon Planı
A1: Müşteri denetiminde belirlenen sapma | E1: AKSİYON PLANI DOĞRULAMASI | Q1: Aksiyon Planı Kriteri
E2: Tedarikçi Aksiyon Planı | N2: STELLANTIS ONAYI | Q2: ='Değişkenler'!D49 -> OK
A3: Kriter No | B3: Kriter gerekliliği | C3: Yorum | D3: Kriter Puanlaması (OK / NOK) | E3: Tedarikçi aksiyon planı | F3: Sorumlu | G3: Kapanış tarihi | H3: 1 | I3: 2 | J3: 3 | K3: 4 | L3: 5 | M3: 6 | N3: YENİ DURUM | O3: Yorum | Q3: ='Değişkenler'!D50 -> NOK
A4: Tesis Kurumsal Yönetimi
A5: CMP11 | B5: Tesis, IATF 16949 sertifikasına sahiptir. | C5: =IF('Denetim'!S5="","",'Denetim'!S5) | D5: =IF('Denetim'!P5="","",'Denetim'!P5)
A6: CMP12 | B6: STLA gereklilikleri dikkate alınmaktadır. | C6: =IF('Denetim'!S6="","",'Denetim'!S6) | D6: =IF('Denetim'!P6="","",'Denetim'!P6)
A7: CMP13 | B7: MPA öz değerlendirmeleri izlenmekte ve STLA ile paylaşılmaktadır. | C7: =IF('Denetim'!S7="","",'Denetim'!S7) | D7: =IF('Denetim'!P7="","",'Denetim'!P7)
A8: CMP21 | B8: Kapsam dahilindeki temel BT, üretim, tedarik zinciri, insan kaynakları ve doğal afet riskleri belirlenmiştir. | C8: =IF('Denetim'!S8="","",'Denetim'!S8) | D8: =IF('Denetim'!P8="","",'Denetim'!P8)
A9: CMP22 | B9: Riskler, kapsamlı bir risk azaltma planıyla birlikte düzenli olarak gözden geçirilmektedir. | C9: =IF('Denetim'!S9="","",'Denetim'!S9) | D9: =IF('Denetim'!P9="","",'Denetim'!P9)
A10: CMP23 | B10: Bilgi sistemine izinsiz girişin önlenmesi ile veri yedekleme ve kurtarma için prosedürler bulunmaktadır (ör. EDI, SAP). Bunlar uygun durumlarda düzenli olarak test edilmekte; planlar denetlenmekte ve tatbikatlar yapılmaktadır. | C10: =IF('Denetim'!S10="","",'Denetim'!S10) | D10: =IF('Denetim'!P10="","",'Denetim'!P10)
A11: CMP31 | B11: Tedarik kaynağı olarak seçilebilir tedarikçi olma kriterleri tanımlanmıştır. | C11: =IF('Denetim'!S11="","",'Denetim'!S11) | D11: =IF('Denetim'!P11="","",'Denetim'!P11)
A12: CMP32 | B12: Tier 2 performansı izlenmektedir. Sapma durumunda eskalasyon Tier 1 tarafından yönetilmektedir. | C12: =IF('Denetim'!S12="","",'Denetim'!S12) | D12: =IF('Denetim'!P12="","",'Denetim'!P12)
A13: CMP33 | B13: Montajlı parçalarda yalnızca onaylı (ör. PPAP A) bileşenler/malzemeler kullanılmaktadır. Giriş kontrolü yapılmakta ve yönetilmektedir. Kontrol sıklığı, tedarikçi KPI'larıyla uyumludur. | C13: =IF('Denetim'!S13="","",'Denetim'!S13) | D13: =IF('Denetim'!P13="","",'Denetim'!P13)
A14: Grup Kurumsal Yönetimi
A15: CMG11 | B15: Üretim tesisi, fizibiliteyi değerlendirmek amacıyla yeni projelere dahil edilmektedir. | C15: =IF('Denetim'!S15="","",'Denetim'!S15) | D15: =IF('Denetim'!P15="","",'Denetim'!P15)
A16: CMG12 | B16: Tedarikçinin proje yönetimi tüm görevleri dikkate almakta ve müşterinin proje takvimi/gereklilikleriyle uyumlu yürütülmektedir. Gecikme/sapma durumunda aksiyon planları uygulanmakta ve müşteri bilgilendirilmektedir. | C16: =IF('Denetim'!S16="","",'Denetim'!S16) | D16: =IF('Denetim'!P16="","",'Denetim'!P16)
A17: CMG13 | B17: Programın başlangıcından itibaren ihtiyaç duyulacak yeni yetkinlikleri/personeli erken belirlemek için resmî bir süreç bulunmaktadır. | C17: =IF('Denetim'!S17="","",'Denetim'!S17) | D17: =IF('Denetim'!P17="","",'Denetim'!P17)
A18: CMG21 | B18: Üretim prosesinin geliştirilmesi ve yeterlilik onayı, PPQ öz değerlendirmesini ve prosese özel denetimleri (ör. STLA proses kontrol listeleri) kapsamaktadır. | C18: =IF('Denetim'!S18="","",'Denetim'!S18) | D18: =IF('Denetim'!P18="","",'Denetim'!P18)
A19: CMG22 | B19: Yeterlilik onayı süreci, dış kaynaklı tüm üretim proseslerini veya Tier 2 bileşenleri kapsamaktadır. | C19: =IF('Denetim'!S19="","",'Denetim'!S19) | D19: =IF('Denetim'!P19="","",'Denetim'!P19)
A20: CMG23 | B20: Kontrol planında listelenen seri üretim takımları, makineler ve yerleşim, şartnamelere uygun olarak doğrulanmış ve nihai konumlarına yerleştirilmiştir. | C20: =IF('Denetim'!S20="","",'Denetim'!S20) | D20: =IF('Denetim'!P20="","",'Denetim'!P20)
A21: CMG31 | B21: Müşteri onaylı teknik resimler ve STLA Parça Kontrol Standardı (PIS - kritik özellikler), en güncel değişiklik seviyesinde üretim tesisinde bulunmaktadır. | C21: =IF('Denetim'!S21="","",'Denetim'!S21) | D21: =IF('Denetim'!P21="","",'Denetim'!P21)
A22: CMG32 | B22: Tüm kritik özellikler dokümantasyona aktarılmıştır (Akış şeması ==> PCP veya PIS ==> PFMEA ==> Kontrol Planı arasında bağlantı ve uyum sağlanmıştır). | C22: =IF('Denetim'!S22="","",'Denetim'!S22) | D22: =IF('Denetim'!P22="","",'Denetim'!P22)
A23: CMG33 | B23: Müşteriye özel gereklilikler Tier N tedarikçilerde uygulanmaktadır: - Ürün ve proses kritik özelliklerinin teknik şartnameleri - Ürün ve prosese özel standartlar - Uygulanması gereken prosedürler (ör. PPAP, PFMEA vb.) - İzlenebilirlik, FIFO ve etiketleme gereklilikleri | C23: =IF('Denetim'!S23="","",'Denetim'!S23) | D23: =IF('Denetim'!P23="","",'Denetim'!P23)
A24: Hızlı Müdahale
A25: FR11 | B25: Üretim üst yönetiminin yönettiği, farklı fonksiyonların katıldığı (en az Üretim, Kalite, Lojistik, Bakım), günlük ve kısa bir hızlı müdahale yönetim toplantısı yapılmaktadır. | C25: =IF('Denetim'!S25="","",'Denetim'!S25) | D25: =IF('Denetim'!P25="","",'Denetim'!P25)
A26: FR12 | B26: FR sürecinin görsel gösterimi (pano/alan) önemli sorunların ve değişiklik noktalarının takibini sağlamaktadır. Pano, her aksiyon için uygun çıkış kriterleri, zaman planı ve sorumlu bilgilerini içermektedir. | C26: =IF('Denetim'!S26="","",'Denetim'!S26) | D26: =IF('Denetim'!P26="","",'Denetim'!P26)
A27: FR13 | B27: Her temel alan için tanımlı hedefleri içeren bir KPI panosu bulunmakta ve ekip performans ile ilerlemeyi izlemek üzere ana KPI'ları düzenli olarak incelemektedir. | C27: =IF('Denetim'!S27="","",'Denetim'!S27) | D27: =IF('Denetim'!P27="","",'Denetim'!P27)
A28: FR21 | B28: Operatörden tesis kalite yöneticisine kadar sorumlulukları açıkça tanımlanmış, tüm iç ve dış sorunları kapsayan standart bir eskalasyon süreci bulunmaktadır. | C28: =IF('Denetim'!S28="","",'Denetim'!S28) | D28: =IF('Denetim'!P28="","",'Denetim'!P28)
A29: FR22 | B29: Standart, üretim sahasında erişilebilirdir. Tüm yönetim seviyeleri tarafından bilinmekte ve uygulanmaktadır. | C29: =IF('Denetim'!S29="","",'Denetim'!S29) | D29: =IF('Denetim'!P29="","",'Denetim'!P29)
A30: FR23 | B30: En kritik sorunlar hızlı müdahale panosunda belirlenmekte ve takip edilmektedir. | C30: =IF('Denetim'!S30="","",'Denetim'!S30) | D30: =IF('Denetim'!P30="","",'Denetim'!P30)
A31: FR31 | B31: Tüm iç ve dış sorunlara uygulanan, tanımlı ve standartlaştırılmış bir problem çözme yöntemi bulunmaktadır. | C31: =IF('Denetim'!S31="","",'Denetim'!S31) | D31: =IF('Denetim'!P31="","",'Denetim'!P31)
A32: FR32 | B32: Kök neden belirleme, standart araçlar ve yöntemlerle desteklenmektedir. Bunlar, her sorunun en derin kök nedenlerini (oluşum, tespit ve sistemsel/öngörü) bulmak için kullanılmaktadır. | C32: =IF('Denetim'!S32="","",'Denetim'!S32) | D32: =IF('Denetim'!P32="","",'Denetim'!P32)
A33: FR33 | B33: Benzer alanlara yaygınlaştırma / tekrarın önlenmesi standart araç ve yöntemlerle desteklenmektedir. | C33: =IF('Denetim'!S33="","",'Denetim'!S33) | D33: =IF('Denetim'!P33="","",'Denetim'!P33)
A34: Parça ve Proses Kontrolü
A35: PPC11 | B35: Kontrol Planındaki kontroller, doğru ölçüm cihazlarıyla, doğru sıklıkta ve doğru numune büyüklüğünde yapılmaktadır. | C35: =IF('Denetim'!S35="","",'Denetim'!S35) | D35: =IF('Denetim'!P35="","",'Denetim'!P35)
A36: PPC12 | B36: Tüm kontrol kayıtları, Kontrol Planına uygun olarak standart formlar veya bilgi sistemleriyle belgelenmektedir. | C36: =IF('Denetim'!S36="","",'Denetim'!S36) | D36: =IF('Denetim'!P36="","",'Denetim'!P36)
A37: PPC13 | B37: Uygunsuzluk durumunda Kontrol Planında tanımlanan reaksiyon planına göre aksiyonlar uygulanmaktadır. | C37: =IF('Denetim'!S37="","",'Denetim'!S37) | D37: =IF('Denetim'!P37="","",'Denetim'!P37)
A38: PPC21 | B38: Kontrol cihazlarının yeterlilik değerlendirmeleri (ör. ölçüm sistemi R&R, sapma, doğrusallık, kararlılık vb.) belirlenmiş; ekipmanlar planlı sıklıkta sertifikalandırılmakta/kalibre edilmektedir. | C38: =IF('Denetim'!S38="","",'Denetim'!S38) | D38: =IF('Denetim'!P38="","",'Denetim'!P38)
A39: PPC22 | B39: Yüksek riskli/etkili proseslerde (en az kritik veya önemli özelliklerde) proses yeterliliğini belirlemek için yeterlilik değerlendirmeleri yapılmaktadır. | C39: =IF('Denetim'!S39="","",'Denetim'!S39) | D39: =IF('Denetim'!P39="","",'Denetim'!P39)
A40: PPC23 | B40: Proses kararlılığı izlenmekte ve yeterli olmayan prosesler için reaksiyon planı uygulanmaktadır. | C40: =IF('Denetim'!S40="","",'Denetim'!S40) | D40: =IF('Denetim'!P40="","",'Denetim'!P40)
A41: PPC31 | B41: Yeni ürün devreye almalarını veya mevcut üretim proseslerini güvenceye almak için önleyici sınırlama önlemleri tanımlanmış ve kullanılmaktadır. | C41: =IF('Denetim'!S41="","",'Denetim'!S41) | D41: =IF('Denetim'!P41="","",'Denetim'!P41)
A42: PPC32 | B42: Üretim sahasında önleyici sınırlama uygulanmakta ve belgelenmektedir. | C42: =IF('Denetim'!S42="","",'Denetim'!S42) | D42: =IF('Denetim'!P42="","",'Denetim'!P42)
A43: PPC33 | B43: Reaksiyon planları tanımlanmış ve uygulanmaktadır. | C43: =IF('Denetim'!S43="","",'Denetim'!S43) | D43: =IF('Denetim'!P43="","",'Denetim'!P43)
A44: Üretim Başlangıcı ve Hata Önleme Yönetimi
A45: SP&EP11 | B45: Başlatma prosedürü tanımlanmış; her başlangıçta ve önemli olaylardan sonra (vardiya değişimi, parça numarası değişimi, bakım müdahalesi, üretim duruşu) uygulanmaktadır. Başlangıcı onaylamak için standart kontrol listesi kullanılmaktadır. | C45: =IF('Denetim'!S45="","",'Denetim'!S45) | D45: =IF('Denetim'!P45="","",'Denetim'!P45)
A46: SP&EP12 | B46: Başlatma kontrol listesinin izlenebilirliği sağlanmış, kontrol ve ölçümler kaydedilmiş; sapma durumunda reaksiyon planı doğrulanmıştır. | C46: =IF('Denetim'!S46="","",'Denetim'!S46) | D46: =IF('Denetim'!P46="","",'Denetim'!P46)
A47: SP&EP13 | B47: İlk parça kontrolleri başlatma prosedürüne göre yapılmaktadır. Uygun olduğunda fiziksel parçaların saklanmasına ek olarak ölçüm raporları ve kayıtların izlenebilirliği korunmaktadır. | C47: =IF('Denetim'!S47="","",'Denetim'!S47) | D47: =IF('Denetim'!P47="","",'Denetim'!P47)
A48: SP&EP21 | B48: Tüm hata önleme cihazları listelenmekte ve yönetilmektedir. | C48: =IF('Denetim'!S48="","",'Denetim'!S48) | D48: =IF('Denetim'!P48="","",'Denetim'!P48)
A49: SP&EP22 | B49: Hata önleme cihazları, ana hat olayları (parça numarası değişimi, bakım müdahalesi ve üretim duruşu gibi) dahil tüm başlangıçlarda ve proses kontrol planına göre kontrol edilmektedir. | C49: =IF('Denetim'!S49="","",'Denetim'!S49) | D49: =IF('Denetim'!P49="","",'Denetim'!P49)
A50: SP&EP23 | B50: Tüm EP hataları belgelenmeli ve tanımlı reaksiyon planları uygulanmalıdır. | C50: =IF('Denetim'!S50="","",'Denetim'!S50) | D50: =IF('Denetim'!P50="","",'Denetim'!P50)
A51: SP&EP31 | B51: Seviye 1 (L1) bakım operasyonları tanımlanmış; ekipman tanımı, temizlik, otonom bakım ve güvenlik cihazı doğrulamasını kapsamaktadır. | C51: =IF('Denetim'!S51="","",'Denetim'!S51) | D51: =IF('Denetim'!P51="","",'Denetim'!P51)
A52: SP&EP32 | B52: L1 bakım, üretimin sorumluluğunda operatörün iş istasyonunda yapılmaktadır. | C52: =IF('Denetim'!S52="","",'Denetim'!S52) | D52: =IF('Denetim'!P52="","",'Denetim'!P52)
A53: SP&EP33 | B53: Her sapma ve anormallik kaydedilmekte, gerektiğinde daha üst seviye bakım faaliyetine eskale edilmektedir. | C53: =IF('Denetim'!S53="","",'Denetim'!S53) | D53: =IF('Denetim'!P53="","",'Denetim'!P53)
A54: Garanti Sorunlarının Yönetimi
A55: WIM11 | B55: Son müşteri garanti taleplerini, müşteri gerekliliklerine göre süreler içinde etkin yönetmek için bir süreç bulunmakta ve garanti KPI takibiyle desteklenmektedir. | C55: =IF('Denetim'!S55="","",'Denetim'!S55) | D55: =IF('Denetim'!P55="","",'Denetim'!P55)
A56: WIM12 | B56: Bir koordinatör belirlenmiş ve görevi resmîleştirilmiştir. Tedarikçi müşteri garanti sistemine erişmelidir. Portal, ilgili olaylar için günlük kontrol edilir. | C56: =IF('Denetim'!S56="","",'Denetim'!S56) | D56: =IF('Denetim'!P56="","",'Denetim'!P56)
A57: WIM13 | B57: Şüpheli parçaların iadesi müşteriyle en kısa sürede organize edilmeli; teslim alma, depolama ve kayıt süreçleri yönetilmelidir. | C57: =IF('Denetim'!S57="","",'Denetim'!S57) | D57: =IF('Denetim'!P57="","",'Denetim'!P57)
A58: WIM21 | B58: Analiz için gerekli mühendislik ve kalite kaynakları belirlenmiş ve hazırdır. | C58: =IF('Denetim'!S58="","",'Denetim'!S58) | D58: =IF('Denetim'!P58="","",'Denetim'!P58)
A59: WIM22 | B59: Garanti taleplerine anında sınırlama önlemleri uygulanmaktadır. | C59: =IF('Denetim'!S59="","",'Denetim'!S59) | D59: =IF('Denetim'!P59="","",'Denetim'!P59)
A60: WIM23 | B60: Ön analiz süreleri şikâyetin ciddiyetiyle ilişkilidir. Analiz standardı (kontrol listesi), gereken tüm proses adımlarını kapsaması için düzenli gözden geçirilir. | C60: =IF('Denetim'!S60="","",'Denetim'!S60) | D60: =IF('Denetim'!P60="","",'Denetim'!P60)
A61: Standartlaştırılmış İş
A62: SW11 | B62: Tüm iş yerlerinin düzenlenmesi için sistematik yaklaşım uygulanmaktadır. | C62: =IF('Denetim'!S62="","",'Denetim'!S62) | D62: =IF('Denetim'!P62="","",'Denetim'!P62)
A63: SW12 | B63: Standart İş Talimatları (SWI) iş istasyonunun yakınında bulunmaktadır. | C63: =IF('Denetim'!S63="","",'Denetim'!S63) | D63: =IF('Denetim'!P63="","",'Denetim'!P63)
A64: SW13 | B64: SWI tüm iş öğelerini kapsar, yeterince ayrıntılıdır ve kontrol planıyla uyumludur. Operatör SWI'ya uymaktadır. | C64: =IF('Denetim'!S64="","",'Denetim'!S64) | D64: =IF('Denetim'!P64="","",'Denetim'!P64)
A65: SW21 | B65: Yeniden işlenen her parça bir tanımlayıcıyla izlenebilmelidir (ör. işaret, aynı cihaz/çipset üzerinde yeniden yazılan seri numarası). Yeniden işleme bekleyen parçalar şüpheli parça olarak ele alınmalıdır. | C65: =IF('Denetim'!S65="","",'Denetim'!S65) | D65: =IF('Denetim'!P65="","",'Denetim'!P65)
A66: SW22 | B66: Yeniden işlenmiş parçaların hatta tekrar alınması, tüm kontrol planı muayene ve testlerinin yapılmasını sağlayan önceki/sonraki kontrolleri ve tanımlamayı (renkli işaretleme, tarama vb.) içerir. | C66: =IF('Denetim'!S66="","",'Denetim'!S66) | D66: =IF('Denetim'!P66="","",'Denetim'!P66)
A67: SW23 | B67: Özel proseslerin uygulanması ve parametreleri izlenmektedir. | C67: =IF('Denetim'!S67="","",'Denetim'!S67) | D67: =IF('Denetim'!P67="","",'Denetim'!P67)
A68: SW31 | B68: NOK veya şüpheli parçaları yönetmek için tüm organizasyonda tutarlı işaretleme ve görsel yönetim tanımlanıp uygulanmıştır. | C68: =IF('Denetim'!S68="","",'Denetim'!S68) | D68: =IF('Denetim'!P68="","",'Denetim'!P68)
A69: SW32 | B69: Tüm şüpheli parçalar ayrılmakta (karantina), kaydedilmekte ve yönetilmektedir. | C69: =IF('Denetim'!S69="","",'Denetim'!S69) | D69: =IF('Denetim'!P69="","",'Denetim'!P69)
A70: SW33 | B70: Sınırlama süreci, müşteriyi güvenceye almak ve uyarmak için tüm olası konumlardaki uygunsuz ürün miktarlarının kontrolünü içerir. | C70: =IF('Denetim'!S70="","",'Denetim'!S70) | D70: =IF('Denetim'!P70="","",'Denetim'!P70)
A71: Risk Azaltma
A72: RR11 | B72: PFMEA'lar tüm parça numaraları ve operasyonlar (taşıma, etiketleme, ara depolama vb. dahil) için mevcut olup fonksiyonlar arası ekipçe hazırlanmıştır. Tedarikçi tarafından değerlendirilip onaylanmıştır (ör. tedarikçi PFMEA kontrol listesi veya STLA RR kriterleri). | C72: =IF('Denetim'!S72="","",'Denetim'!S72) | D72: =IF('Denetim'!P72="","",'Denetim'!P72)
A73: RR12 | B73: PFMEA alanlarının içeriği ve puanlaması müşteri kılavuzuna uygun tanımlanmıştır. Tedarikçi farklı kurallar kullanıyorsa tüm riskler AIAG/VDA FMEA el kitabına göre dikkate alındığında STLA kabul edebilir. | C73: =IF('Denetim'!S73="","",'Denetim'!S73) | D73: =IF('Denetim'!P73="","",'Denetim'!P73)
A74: RR13 | B74: Yüksek şiddet puanlarında veya yüksek riskli maddelerde FMEA ekibi, riskin mevcut tasarım kontrolleri veya önerilen aksiyonlarla sürekli ele alınmasını sağlar. | C74: =IF('Denetim'!S74="","",'Denetim'!S74) | D74: =IF('Denetim'!P74="","",'Denetim'!P74)
A75: RR21 | B75: P-FMEA'da belgelenen önerilen aksiyonlar tamamlanmış ve puanlama buna göre güncellenmiştir. | C75: =IF('Denetim'!S75="","",'Denetim'!S75) | D75: =IF('Denetim'!P75="","",'Denetim'!P75)
A76: RR22 | B76: Yeniden işlemenin hata türleri PFMEA'da dikkate alınmış ve Proses Akışında yeniden giriş noktasıyla birlikte tanımlanmıştır. | C76: =IF('Denetim'!S76="","",'Denetim'!S76) | D76: =IF('Denetim'!P76="","",'Denetim'!P76)
A77: RR23 | B77: Kirlenmeden etkilenebilecek tüm alanlar/operasyonlar ve kirlenmeyle ilgili hata türleri belirlenmiş ve PFMEA'da dikkate alınmıştır. | C77: =IF('Denetim'!S77="","",'Denetim'!S77) | D77: =IF('Denetim'!P77="","",'Denetim'!P77)
A78: RR31 | B78: Genel ve/veya bileşene özel PFMEA'lar her değişiklik, kalite sorunu ve düzeltici aksiyonda gözden geçirilip güncellenmektedir. | C78: =IF('Denetim'!S78="","",'Denetim'!S78) | D78: =IF('Denetim'!P78="","",'Denetim'!P78)
A79: RR32 | B79: Ters PFMEA faaliyetleri planlanmakta ve izlenmektedir. | C79: =IF('Denetim'!S79="","",'Denetim'!S79) | D79: =IF('Denetim'!P79="","",'Denetim'!P79)
A80: RR33 | B80: Aksiyonlar uygulanmakta; öğrenilen dersler organizasyon genelinde aktarılıp yaygınlaştırılmaktadır (yeni projeler ve seri üretim). | C80: =IF('Denetim'!S80="","",'Denetim'!S80) | D80: =IF('Denetim'!P80="","",'Denetim'!P80)
A81: Değişiklik Yönetimi
A82: MC11 | B82: Planlı ve acil değişiklikler için değişiklik yönetimi (ürün, proses, Tier N ve BT sistemleri) tanımlanıp uygulanmaktadır. | C82: =IF('Denetim'!S82="","",'Denetim'!S82) | D82: =IF('Denetim'!P82="","",'Denetim'!P82)
A83: MC12 | B83: Tüm değişiklikleri belgelemek ve onaylamak için değişiklik yönetimi süreci kullanılmakta; Doküman Kontrol Süreciyle kontrol edilmektedir. | C83: =IF('Denetim'!S83="","",'Denetim'!S83) | D83: =IF('Denetim'!P83="","",'Denetim'!P83)
A84: MC13 | B84: Tedarikçiler tüm değişiklikleri müşteriye zamanında bildirmeli ve uygulama öncesinde belgeli onay almalıdır. | C84: =IF('Denetim'!S84="","",'Denetim'!S84) | D84: =IF('Denetim'!P84="","",'Denetim'!P84)
A85: Bakım
A86: MAI11 | B86: Tesisteki tüm makineler, takımlar, ekipmanlar, tesisler ve hata önleme cihazlarını kapsayan, yetkin kaynaklarla yürütülen bakım süreci uygulanmaktadır. Kapsam kestirimci, önleyici ve düzeltici bakımı içermelidir. | C86: =IF('Denetim'!S86="","",'Denetim'!S86) | D86: =IF('Denetim'!P86="","",'Denetim'!P86)
A87: MAI12 | B87: Kestirimci ve önleyici bakım planlaması, riski, öğrenilen derslerin yaygınlaştırılmasını ve tekrarlayan düzeltici bakım sorunlarını dikkate almalıdır. | C87: =IF('Denetim'!S87="","",'Denetim'!S87) | D87: =IF('Denetim'!P87="","",'Denetim'!P87)
A88: MAI13 | B88: Tüm bakım faaliyetlerinin ve sonuçlarının kayıtları resmîleştirilmiş ve doğru doldurulmuştur. | C88: =IF('Denetim'!S88="","",'Denetim'!S88) | D88: =IF('Denetim'!P88="","",'Denetim'!P88)
A89: MAI21 | B89: Kritik yedek parça listesi tanımlanmış ve yönetilmektedir. | C89: =IF('Denetim'!S89="","",'Denetim'!S89) | D89: =IF('Denetim'!P89="","",'Denetim'!P89)
A90: MAI22 | B90: Kritik parçalar için asgari stok seviyesiyle yedek parça stoku mevcuttur. Fiziksel envanteri kontrol etmek üzere yedek parça takip sistemi bakım sistemiyle birleştirilmiştir. | C90: =IF('Denetim'!S90="","",'Denetim'!S90) | D90: =IF('Denetim'!P90="","",'Denetim'!P90)
A91: MAI23 | B91: Yedek parçalar uygun koşullarda depolanmaktadır. | C91: =IF('Denetim'!S91="","",'Denetim'!S91) | D91: =IF('Denetim'!P91="","",'Denetim'!P91)
A92: Üretim ve Malzeme Akışı Yönetimi
A93: MMFM11 | B93: Üretimin ana üretim programını ayrıntılı üretim planlarına dönüştürdüğü ve sahaya ilettiği bir süreç bulunmaktadır. | C93: =IF('Denetim'!S93="","",'Denetim'!S93) | D93: =IF('Denetim'!P93="","",'Denetim'!P93)
A94: MMFM12 | B94: Ürün izlenebilirliği için uygulanacak kurallar bir prosedürde tanımlanmıştır. | C94: =IF('Denetim'!S94="","",'Denetim'!S94) | D94: =IF('Denetim'!P94="","",'Denetim'!P94)
A95: MMFM13 | B95: İzlenebilirlik, izlenebilirlik özetine (APQP teslimatı) uygun olarak proses akışının her adımında uygulanmaktadır. | C95: =IF('Denetim'!S95="","",'Denetim'!S95) | D95: =IF('Denetim'!P95="","",'Denetim'!P95)
A96: MMFM31 | B96: İş istasyonu beslemesi oluşturulmuş; giriş malzemesinden istasyona kadar FIFO akışı sahada izlenmektedir. | C96: =IF('Denetim'!S96="","",'Denetim'!S96) | D96: =IF('Denetim'!P96="","",'Denetim'!P96)
A97: MMFM32 | B97: İş istasyonu beslemesinde doğru parça referansı, izlenebilirlik, depolama ve parça tanımı sağlanmaktadır. | C97: =IF('Denetim'!S97="","",'Denetim'!S97) | D97: =IF('Denetim'!P97="","",'Denetim'!P97)
A98: MMFM33 | B98: İkmal ve besleme kuralları tanımlanmış ve uygulanmaktadır (üretim ve lojistik alanları). | C98: =IF('Denetim'!S98="","",'Denetim'!S98) | D98: =IF('Denetim'!P98="","",'Denetim'!P98)
A99: Lojistik
A100: LOG11 | B100: Teslimat takip süreci tanımlanmış, devreye alınmış ve uygulanmaktadır. Operasyonlar standartlaştırılmış; görsel yönetim teslimat performansının anlık takibini sağlamaktadır. | C100: =IF('Denetim'!S100="","",'Denetim'!S100) | D100: =IF('Denetim'!P100="","",'Denetim'!P100)
...

Sheet Denetim_Orijinal
A1: MRS Sürümü: 8.0 (revizyon tarihi: 16/09/2026) | AD1: X
AD2: Olası denetimler
A3: Madde | B3: Gereklilik | F3: EK PUANLAMA | G3: TEMEL | H3: İLAVE | I3: MADDE | K3: Üretim Sahası | L3: Kriter No | M3: Kriter gerekliliği | N3: İncelenecek Hususlar | AD3: MPA1 | AE3: NSA | AF3: MPA2 | AG3: PPQ_KOM | AH3: PPQ_TKO | AI3: PPQ_OT | AJ3: PPQ_PPAP | AK3: PPQ_End DEV | AL3: PPQ_Mass_Prod | AM3: PPQ_Safe_Launch | AP3: SİLMEYİN | AQ3: Tablo sınırı
A4: Tesis Kurumsal Yönetimi | AF4: 2
A5: CMP1 | B5: IATF 16949 ve Müşteri Dokümantasyonu | F5: X | G5: X | L5: CMP11 | M5: Tesis, IATF 16949 sertifikasına sahiptir. | N5: Kontrol edin: Denetim öncesinde sertifikanın geçerli olduğunu doğrulayın: - Teklif listesinde bulunmuyorsa tedarikçiden sertifika numarasını isteyin. - Sertifika yoksa (geri çekilmiş, iptal edilmiş veya süresi dolmuşsa) ya da askıya alınmışsa bir aksiyon planının uygulandığını doğrulayın. Denetim sırasında son denetimi (uygunsuzluklar ve aksiyon planı) inceleyin. Yeni veya sıfırdan kurulan bir tedarikçi için: - Sertifikasyon denetimi en geç SOP öncesine planlanmalıdır. - Bu mümkün değilse SOP öncesinde uygunluk mektubu alınması planlanmalıdır. - 01598_15_06479 referanslı sıfırdan kurulan tesis kontrol listesinin 3.5 'tesis sertifikasyonu' maddesine uygun aksiyon planı bulunmalıdır. | AE5: X | AF5: X | AG5: X | AH5: Y | AI5: Y | AJ5: Y
F6: X | G6: X | L6: CMP12 | M6: STLA gereklilikleri dikkate alınmaktadır. | N6: Kontrol edin: Tedarikçiden B2B portalına nasıl eriştiğini göstermesini isteyin. Temel dokümanların bilindiğini doğrulayın (ör. QRS, MRS ve eğitimi, GSQN-001 vb.). | AE6: X | AF6: X
F7: X | G7: X | L7: CMP13 | M7: MPA öz değerlendirmeleri izlenmekte ve STLA ile paylaşılmaktadır. | N7: Kontrol edin: - Tedarikçinin MPA gerekliliklerine yönelik eksikleri belirlediğini ve düzeltici aksiyon planı uyguladığını doğrulayın. - İstenen seviyeye ulaşmak veya bu seviyeyi korumak için yıllık öz değerlendirmenin yönetildiğini doğrulayın (MPA sonucu ≥ %85). | AE7: X | AF7: X | AG7: X | AH7: Y | AI7: Y | AJ7: Y
F8: X | H8: X | L8: CMP14 | M8: AQR ve özel proses denetimleri (CQI) izlenmekte ve STLA ile paylaşılmaktadır. | N8: Kontrol edin: - İlgili AQR/CQI listesinin tedarikçi seçimi aşamasından itibaren dikkate alınması - İlgili denetimlerin yapılması ve aksiyon planlarının yönetilmesi | AF8: X
A9: CMP2 | B9: Acil Durum Planları (İş Sürekliliği Planı) | G9: X | L9: CMP21 | M9: Kapsam dahilindeki temel BT, üretim, tedarik zinciri, insan kaynakları ve doğal afet riskleri belirlenmiştir. | N9: Risk belirlemenin (ör. 5M) ve risk azaltma düzeylerinin yeterliliğini kontrol edin: - Yangın: sprinkler kapsamı vb. - Sel: koruyucu setler vb. - Deprem: depreme karşı koruma vb. - Elektrik kesintisi: alternatif enerji kaynağının bulunması vb. - Su yetersizliği: stok vb. - İş gücü: işe alım vb. - Bakım: yedek parça bulunabilirliği vb. - Tedarikçiler: Tier 2 risk haritası vb. - Diğer: bitmiş ürün stoku vb. | AE9: X | AF9: X
G10: X | L10: CMP22 | M10: Riskler, kapsamlı bir risk azaltma planıyla birlikte düzenli olarak gözden geçirilmektedir. | N10: Tedarikçinin aşağıdaki uygulamalarını örnekler üzerinden kontrol edin: - Riskleri değerlendirme ve azaltma - Yeni veya ortaya çıkan riskleri ele alma - Kritik durumları yönetime bildirme - Olası kesintileri öngörmek için erken ve zayıf sinyalleri kullanma - Tekrarı önlemek için öğrenilen dersleri uygulama | AE10: X | AF10: X
G11: X | L11: CMP23 | M11: Bilgi sistemine izinsiz girişin önlenmesi ile veri yedekleme ve kurtarma için prosedürler bulunmaktadır (ör. EDI, SAP). Bunlar uygun durumlarda düzenli olarak test edilmekte; planlar denetlenmekte ve tatbikatlar yapılmaktadır. | N11: - Prosedürü isteyin ve bir örneği kontrol edin. - Siber saldırılara karşı risk azaltma planının yeterliliğini değerlendirin: ağ erişim kısıtlamaları, USB yasağı, BT ekibinin sahte mesajlarla yaptığı testler. | AE11: X | AF11: X
H12: X | L12: CMP24 | M12: Acil durum / İş Sürekliliği Planı sigorta şirketince denetlenmiştir. | N12: Sigorta şirketinin gerekliliklerini ve/veya denetim raporlarını isteyin. Mümkünse Beklenen Azami Kayıp ve Öngörülebilir Azami Kayıp için sigorta değerlemesini alın. | AF12: X
A13: CMP3 | B13: Dış Kaynak ve Alt Kademe (Tier N) Tedarikçi Yönetimi | F13: X | G13: X | L13: CMP31 | M13: Tedarik kaynağı olarak seçilebilir tedarikçi olma kriterleri tanımlanmıştır. | N13: Tedarikçi seçimine ait dokümantasyonu kontrol edin. Seçim grup düzeyinde yapılıyorsa Tier 2 durumunun üretim tesisi tarafından bilindiğini ve performans değerlendirmesinde dikkate alındığını doğrulayın. | AE13: X | AF13: X
F14: X | G14: X | L14: CMP32 | M14: Tier 2 performansı izlenmektedir. Sapma durumunda eskalasyon Tier 1 tarafından yönetilmektedir. | N14: - Denetim öncesinde Tier 2 kaynaklı müşteri şikâyeti olup olmadığını kontrol edin. Kontrol edin: - Performans göstergeleri için eşiklerin tanımlanıp tanımlanmadığı (ör. teklif listesi puanlaması) - Hedef karşılanmadığında sınırlama önlemleri, aksiyon planları (ör. kontrollü sevkiyat, yeni iş verilmesinin durdurulması vb.) ve çıkış kriterleriyle eskalasyon uygulanıp uygulanmadığı | AE14: X | AF14: X
F15: X | G15: X | L15: CMP33 | M15: Montajlı parçalarda yalnızca onaylı (ör. PPAP A) bileşenler/malzemeler kullanılmaktadır. Giriş kontrolü yapılmakta ve yönetilmektedir. Kontrol sıklığı, tedarikçi KPI'larıyla uyumludur. | N15: - Giriş kontrolünün kritik özellikleri ve sonraki proseslerde kontrol edilmeyen özellikleri kapsadığını, sıklıkların kontrol planıyla uyumlu olduğunu doğrulayın. - Teslim alındıktan sonra üretime serbest bırakılan malzemelerin tanımlanmasını kontrol edin. - Aşağıdaki durumlarda sıklık güncelleme kuralları bulunduğunu doğrulayın: Giriş kontrolünde uygunsuzluk bulunması Tier 2 kaynaklı müşteri şikâyeti Performansın kötüleşmesi Yeni/değiştirilmiş parça için önleyici sınırlama önlemlerinin uygulanması | AE15: X | AF15: X | AI15: X | AJ15: X
F16: X | H16: X | L16: CMP34 | M16: Tedarikçi tesislerinde düzenli denetimler planlanmakta ve yapılmaktadır. | N16: Tedarikçinin kritik ve riskli tedarikçileri nasıl belirlediğini doğrulayın: - Gerekli sertifikasyon seviyesini belirlemek (müşteri muafiyeti yoksa en az ISO 9001) - Kalite sistemlerini geliştirmek: Tier 1 denetimleri ve Tier 2 iç denetimleri (CQI vb.) | AF16: X
A17: CMPE | B17: Etkinlik - Kurumsal Yönetim | G17: X | L17: CMPE1 | M17: Kalite hedeflerinin planlanan gelişim çizgisine göre takibi | N17: Kontrol edin: - Gecikmede aksiyon planı uygulanması - Planın etkinliği: normal seviyeye dönüşün yönetilmesi | AF17: X
A18: Grup Kurumsal Yönetimi | AF18: 2
A19: CMG1 | B19: Proje Yönetimi | G19: X | L19: CMG11 | M19: Üretim tesisi, fizibiliteyi değerlendirmek amacıyla yeni projelere dahil edilmektedir. | N19: Proje sorumluluğunun aşağıdaki işler için atanıp atanmadığını kontrol edin: - Ürünün üretim prosesindeki yapılabilirliğinin analizi - Sanayileşme sürecinin takibi (ör. üretim proses mühendisi; üretim ve kontrol takımlarının doğrulanması için laboratuvar) PPQ için: Tedarikçinin Kalite ve/veya Proje Yöneticisinin STLA APQP gereklilikleri konusunda eğitimli olduğunu doğrulayın. Tedarikçinin proje takibi için üretim tesisinden bir sorumlu atadığını kontrol edin. | AE19: X | AF19: X | AG19: X | AH19: X | AI19: Y | AJ19: Y
G20: X | L20: CMG12 | M20: Tedarikçinin proje yönetimi tüm görevleri dikkate almakta ve müşterinin proje takvimi/gereklilikleriyle uyumlu yürütülmektedir. Gecikme/sapma durumunda aksiyon planları uygulanmakta ve müşteri bilgilendirilmektedir. | N20: PPQ için: Tedarikçinin kendi parçaları ve orta/yüksek riskli alt bileşenleri için aşağıdaki unsurları içeren bir zaman planı var mı? 1. Proje ile üretim tesisi arasındaki sorumluluk devrini kontrol edin. 2. Kritik alt kademe bileşenlerin takvimi 3. PPQ, CAT, DV/PV testleri ve PPAP dahil APQP aşama kapıları/teslimatları NSA veya MPA'da bir örnek üzerinden tedarikçinin proje yönetim sürecini inceleyin: 1. Ürün ve proses tasarım doğrulaması (DV/PV testleri, PPQ), kapasite değerlendirmesi (CAT) ve parça onayı (PPAP) dahil APQP aşama kapıları/teslimatları 2. Takım devreye alma başlangıcı (TKO), seri takımdan parça (OT), seri takım ve prosesten parça (OTOP) gibi temel adımlarla kritik takım/ekipman ve ölçüm cihazı teslimatları 3. Kritik özelliklerin yeterlilik ilerlemesi dahil her üretim aşamasında beklenen parça olgunluğu (ör. parçaların prototip veya geçici takımlardan üretilmesi, görünüm parçalarının istenen seviyede olması) | AE20: X | AF20: X | AG20: X | AH20: X | AI20: X | AJ20: X
G21: X | L21: CMG13 | M21: Programın başlangıcından itibaren ihtiyaç duyulacak yeni yetkinlikleri/personeli erken belirlemek için resmî bir süreç bulunmaktadır. | N21: Kontrol edin: - Projeleri takip etmek ve SOP için iş istasyonunda parça üretmek üzere gerekli kaynaklar belirlenmiş ve hazır mı? - Tesisin genel eğitim planı, yeni prosesler için gerekli yetkinliklerin (ör. yeni model lehimleme prosesi) kazandırılmasını ve projenin SOP aşamasında ihtiyaç duyulan yetkin personel hedefine (yetkinlik matrisi) ulaşılmasını sağlayacak şekilde güncellenip takip ediliyor mu? | AE21: X | AF21: X | AG21: X | AH21: X | AI21: Y | AJ21: Y
H22: X | L22: CMG14 | M22: Öğrenilen dersler sistemi bulunduğunu kontrol edin. Risk Azaltma ve AQR'larla çapraz kontrol yapın. | N22: Kontrol edin: - Öğrenilen dersler sisteminin bulunması; Risk Azaltma ve AQR'larla çapraz kontrol - Kamera ve yapay zekâ destekli kontrol gibi yeni teknolojilerin dikkate alınması | AF22: X | AG22: X | AH22: X | AI22: Y | AJ22: Y
A23: CMG2 | B23: Ürün/Proses Yeterlilik Onayı | G23: X | L23: CMG21 | M23: Üretim prosesinin geliştirilmesi ve yeterlilik onayı, PPQ öz değerlendirmesini ve prosese özel denetimleri (ör. STLA proses kontrol listeleri) kapsamaktadır. | N23: Yeterlilik onayı sürecinin, onay öncesinde aşağıdakileri içeren bir iç denetimi kapsadığını doğrulayın: - Tedarikçinin her aşama kapısında yaptığı PPQ öz değerlendirmesi - STLA tarafından istenmişse AQR uygulaması - Alternatif prosesler, izin verilen yeniden işleme operasyonları vb. Yeni proje, başka tesisten transfer veya yeni üretim hattı için yeni bina/ekipman/takım vb. gerekip gerekmediğini ve yeterlilik onayı sürecinin ürün/proses değişiklikleriyle uyumunu kontrol edin. | AE23: X | AF23: X | AI23: X | AJ23: X
F24: X | G24: X | L24: CMG22 | M24: Yeterlilik onayı süreci, dış kaynaklı tüm üretim proseslerini veya Tier 2 bileşenleri kapsamaktadır. | N24: Kontrol edin: - Tedarikçi, özellikle kritik bileşenler veya proseslerde Tier 2 ürün ve proses yeterlilik onayını sürekli takip ediyor mu? - Tier 1, kendi ürün/proses onayından önce Tier 2 ürün/proses onayını (tüm alt bileşenler için PPAP veya eşdeğeri) tamamlıyor mu? Aksi durumda aksiyon planları ve karşı önlemlerle bir sapma izni alınmış mı (ör. onay kabul edilene kadar ilave kontroller)? - Tier 2 onay sürecinde denetim veya öz denetim gerekiyor mu ve hangi kanıtlar isteniyor? | AE24: X | AF24: X | AI24: X | AJ24: X
G25: X | L25: CMG23 | M25: Kontrol planında listelenen seri üretim takımları, makineler ve yerleşim, şartnamelere uygun olarak doğrulanmış ve nihai konumlarına yerleştirilmiştir. | N25: - İş istasyonu/üretim alanı yerleşim planı, proseste kullanılan tüm üretim/kontrol ekipmanı ve takımları ile malzeme depolama alanlarını (WIP/tampon stoklar/uygunsuz malzeme/hurda-yeniden işleme/onarım ve ham madde/alt bileşen depoları) gösteriyor mu? - Takım ve makineler nihai/seri üretim tipinde mi ve kontrol planındaki nihai konumlarına yerleştirilmiş mi? - Yeni veya yenilenmiş tüm tesis/ekipman/takım/kontrol cihazları için şartnamelere uygunluk (yeterlilik ve kapasite) yapısal bir yaklaşımla doğrulanıyor mu? Ölçüm cihazlarında kalibrasyon da kapsanıyor mu? Proses ve iş istasyonu yerleşimi, operasyon atlanmasını ve benzer parçaların karışmasını önleyecek şekilde tasarlanmış mı? | AE25: X | AF25: X | AI25: X | AJ25: X
H26: X | L26: CMG24 | M26: Yeterlilik onayı süreci ambalaj ve lojistik akışını da kapsar (statik ve dinamik testler). | N26: Kontrol edin: - Nihai ve/veya alternatif ambalajın proses içinde parça hasarı riskini en aza indirecek uygunlukta olması - Ambalaj statik/dinamik test sonuçları - STLA lojistik temsilcilerinin ambalaj onay kanıtı | AF26: X | AI26: X | AJ26: X
A27: CMG3 | B27: Kritik Özelliklerin Tanımlanması ve Kontrolü | G27: X | L27: CMG31 | M27: Müşteri onaylı teknik resimler ve STLA Parça Kontrol Standardı (PIS - kritik özellikler), en güncel değişiklik seviyesinde üretim tesisinde bulunmaktadır. | N27: Kontrol edin: - Fonksiyonel ve teknik özelliklerin listesi (GD&T veya CTF) - PIS'in teknik resmin en son sürümüne göre tamamlanmış olması | AE27: X | AF27: X | AI27: X | AJ27: X | AK27: X | AL27: X
G28: X | L28: CMG32 | M28: Tüm kritik özellikler dokümantasyona aktarılmıştır (Akış şeması ==> PCP veya PIS ==> PFMEA ==> Kontrol Planı arasında bağlantı ve uyum sağlanmıştır). | N28: Kontrol edin: - Dokümanlar arası bağlantılar uygun sembollerle açıkça belirtilmiş ve birebir eşleşiyor mu? - Tüm kritik özellikler dokümantasyonda (PFMEA, Kontrol Planı, iş talimatları, ambalajlama ve etiketleme) yer alıyor mu? - Türetilmiş akışlar (ör. yeniden işleme) dahil operasyonlar tüm dokümanlarda bulunuyor mu? - Özel özellikleri etkileyen proses parametreleri analiz edilmiş mi (ör. toleranslar, geçme, yüzey kalitesi, güvenilirlik, dayanıklılık)? - Operatörler kritik özellikleri biliyor mu? | AE28: X | AF28: X
F29: X | G29: X | L29: CMG33 | M29: Müşteriye özel gereklilikler Tier N tedarikçilerde uygulanmaktadır: - Ürün ve proses kritik özelliklerinin teknik şartnameleri - Ürün ve prosese özel standartlar - Uygulanması gereken prosedürler (ör. PPAP, PFMEA vb.) - İzlenebilirlik, FIFO ve etiketleme gereklilikleri | N29: Kontrol edin: - Tier 1, kritik özellikler listesi (PIS) dahil teknik şartnameyi Tier 2'ye iletmiş ve kalite gerekliliklerini (ör. AQR, PFMEA, Kalite Planlaması, Kontrol Planı, Sürekli Geçerli Gereklilikler/Proses Değişikliği kuralları vb.) bildirmiş mi? - Tier 2 teklif dosyası teknik/proses fizibilitesini içeriyor mu? Kontrollerin etkinliğini doğrulayın. | AE29: X | AF29: X | AG29: X | AH29: X | AI29: X | AJ29: X | AK29: X | AL29: X
F30: X | H30: X | L30: CMG34 | M30: Tier 1'e aktarılan ve sonraki proseslerde kontrol edilmeyen kritik özellikler tedarikçi tesisinde belirlenip izlenmektedir. | N30: Bu özelliklerin Tier 1 dokümanlarında nasıl tanımlandığını kontrol edin. Tier 1 Kontrol Planında (ör. giriş kontrolü veya sonraki proses adımları) yer aldığını ve sıklığın riskle uyumunu doğrulayın. | AF30: X | AH30: X | AI30: X | AJ30: X
A31: Etkinlik - Grup Kurumsal Yönetimi | G31: X | L31: CMGE | M31: PPAP onay süreci terminlerinin takibi | N31: Kontrol edin: - Gecikmelerde risk azaltma planı uygulanması - Yeterlilik sonuçlarının uygunluğu MCE2 ve CMG22 ile çapraz kontrol yapın (MRS bölümleri). | AF31: X
A32: Hızlı Müdahale | AD32: 1 | AF32: 1
A33: FR1 | B33: Günlük yönetim toplantısı | G33: X | K33: X | L33: FR11 | M33: Üretim üst yönetiminin yönettiği, farklı fonksiyonların katıldığı (en az Üretim, Kalite, Lojistik, Bakım), günlük ve kısa bir hızlı müdahale yönetim toplantısı yapılmaktadır. | N33: Kontrol edin: - Toplantı için ayrılmış alan bulunması (tercihen üretim sahasında) - Toplantıyı destekleyen bilgilerin sergilenmesi - Her gün düzenli olarak planlanmış toplantı yapılması - Toplantının RTR (üretim için gerekli koşullar), iş sağlığı/güvenliği, iç/dış sorunlar ve büyük arızaları kapsaması | AD33: X | AE33: X | AF33: X | AK33: X | AL33: X
G34: X | K34: X | L34: FR12 | M34: FR sürecinin görsel gösterimi (pano/alan) önemli sorunların ve değişiklik noktalarının takibini sağlamaktadır. Pano, her aksiyon için uygun çıkış kriterleri, zaman planı ve sorumlu bilgilerini içermektedir. | N34: Kontrol edin: - Çıkış kriterlerini içeren ve düzenli güncellenen Görsel Yönetim panosu bulunması - Her madde için hedef tarih belirlenmesi ve sürelere uyulması | AD34: X | AE34: X | AF34: X | AI34: X | AJ34: X | AK34: X | AL34: X
G35: X | K35: X | L35: FR13 | M35: Her temel alan için tanımlı hedefleri içeren bir KPI panosu bulunmakta ve ekip performans ile ilerlemeyi izlemek üzere ana KPI'ları düzenli olarak incelemektedir. | N35: Kontrol edin: - KPI'ların (en az Güvenlik, Üretim, Kalite, Lojistik, Bakım) FR alanında görsel olarak sunulması - KPI'ların FR toplantısı için güncellenmesi (ör. üretim sonuçları, kalite sorunları, hurda vb.) | AD35: X | AE35: X | AF35: X | AI35: X | AJ35: X
H36: X | K36: X | L36: FR14 | M36: Tüm yönetim seviyelerinin katıldığı günlük, standart saha Gemba turu yapılmaktadır. | N36: Kontrol edin: - Günlük Gemba turunun düzenli yapılması - Kontrol listesi veya benzer araçla desteklenmesi - Hızlı Müdahale (FR) toplantısındaki yeni ve kapanan sorunların incelenmesini kapsaması | AD36: X | AF36: X
A37: FR2 | B37: Eskalasyon Süreci | G37: X | K37: X | L37: FR21 | M37: Operatörden tesis kalite yöneticisine kadar sorumlulukları açıkça tanımlanmış, tüm iç ve dış sorunları kapsayan standart bir eskalasyon süreci bulunmaktadır. | N37: Standart eskalasyon sürecinde aşağıdakilerin tanımlandığını kontrol edin: - Eskalasyon seviyeleri - Her yönetim düzeyinin sorumluluğu (operatörler, ekip liderleri, üst yönetim) - Tetikleyiciler ve zamanlama - Zorunlu aksiyonlar - Çıkış kriterleri | AD37: X | AE37: X | AF37: X | AI37: X | AJ37: X | AK37: X | AL37: X
G38: X | K38: X | L38: FR22 | M38: Standart, üretim sahasında erişilebilirdir. Tüm yönetim seviyeleri tarafından bilinmekte ve uygulanmaktadır. | N38: Kontrol edin: - Eskalasyon standardının tesiste herkesçe görülebilecek şekilde asılmış olması - Müdahale standardının operasyon ekiplerince (üretim operatörleri, ekip liderleri vb.) bilinmesi - Farklı vardiyalar arasında iletişimin sağlanması (ör. vardiya defteri) | AD38: X | AE38: X | AF38: X | AI38: X | AJ38: X | AK38: X | AL38: X
G39: X | K39: X | L39: FR23 | M39: En kritik sorunlar hızlı müdahale panosunda belirlenmekte ve takip edilmektedir. | N39: - Sorunların hızlı müdahale veya hat QRQC panosunda takip edildiğini kontrol edin. - Tüm sorunların durum bilgisi bulunmalıdır. - Sorunlara ilişkin zaman planı kontrol altında olmalıdır. | AD39: X | AE39: X | AF39: X | AK39: X | AL39: X
H40: X | K40: X | L40: FR24 | M40: Her istasyon için sahada görsel yönetim sistemi bulunmaktadır. Reaksiyon süreci durumu her istasyon/hücrede görünürdür. | N40: Kontrol edin: - İstasyonda görsel durum gösterimi - Gösterilen durumun gerçekle uyumu | AD40: X | AF40: X
A41: FR3 | B41: Problem Çözme | G41: X | L41: FR31 | M41: Tüm iç ve dış sorunlara uygulanan, tanımlı ve standartlaştırılmış bir problem çözme yöntemi bulunmaktadır. | N41: Kontrol edin: - En son iç/dış sorun için aynı yöntemin kullanılması - Yöntemin 8D adımlarını izlemesi: Problem tanımı / Sınırlama / Hata kaydı / Kök nedenlerin belirlenmesi / Düzeltici aksiyon planı / Etkinlik kontrolü / Öğrenilen dersler / Benzer alanlara yaygınlaştırma - Tedarikçinin yöntemi doğru kullanması (ör. gerekli tüm adımları tamamlaması) | AD41: X | AE41: X | AF41: X | AI41: X | AJ41: X | AK41: X | AL41: X
G42: X | L42: FR32 | M42: Kök neden belirleme, standart araçlar ve yöntemlerle desteklenmektedir. Bunlar, her sorunun en derin kök nedenlerini (oluşum, tespit ve sistemsel/öngörü) bulmak için kullanılmaktadır. | N42: Kontrol edin: - En az ISHIKAWA ve 5 NEDEN araçlarının kullanılması - Şüpheli tüm nedenlerin nihai kök nedene kadar incelenmesi: Ishikawa diyagramındaki her dalın oluşum ve tespit eksenlerinde tamamlanması, seçilmeyen nedenlerin gerekçelendirilmesi; seçilen nedenlerden 5 Neden aracılığıyla tüm olası kök nedenlerin belirlenmesi - Standart formun doğru doldurulması | AD42: X | AE42: X | AF42: X | AI42: X | AJ42: X | AK42: X | AL42: X
G43: X | L43: FR33 | M43: Benzer alanlara yaygınlaştırma / tekrarın önlenmesi standart araç ve yöntemlerle desteklenmektedir. | N43: Kontrol edin: - Kök nedenler ve ilgili düzeltici aksiyonlar benzer alanlara yaygınlaştırılmış ve öğrenilen ders olarak belgelenmiş mi? - PFMEA, Kontrol Planı / PIS vb. dokümanlar güncellenmiş mi? - Tekrar durumunda ilk problem çözme çalışması, neden başarısız olduğunu belirlemek için yeniden analiz ediliyor mu? | AD43: X | AE43: X | AF43: X | AJ43: X | AK43: X | AL43: X
H44: X | K44: X | L44: FR34 | M44: Tüm önemli sorunların problem çözme sonuçları, operatörlerin bilgilendirilmesi için üretim sahası dahil tesis genelinde sergilenmektedir. | N44: Kontrol edin: - Sonuçların tesis genelinde herkesçe görülebilir ve incelenebilir olması - Kök neden ve düzeltici aksiyon geri bildirimi için operatör-amir iletişimi | AD44: X | AF44: X
A45: FRE | B45: Etkinlik - Hızlı Müdahale | G45: X | K45: X | L45: FRE1 | M45: KPI'lar sergilenip izlenmektedir. Her KPI sapması için terminine uyulan aksiyon planı vardır. | N45: Kontrol edin: - KPI'ların FR toplantılarında karar için kullanımı - Düzeltici aksiyonların uygulama sonrası doğrulanması | AF45: X
A46: Parça ve Proses Kontrolü | AD46: 1 | AF46: 1
A47: PPC1 | B47: Kontrol Planının Uygulanması | G47: X | K47: X | L47: PPC11 | M47: Kontrol Planındaki kontroller, doğru ölçüm cihazlarıyla, doğru sıklıkta ve doğru numune büyüklüğünde yapılmaktadır. | N47: - Teknik resimde ve Kontrol Planında gösterilen son yayımlanmış revizyonların aynı olduğunu doğrulayın. - Operatörden PIS'ten en az üç temel/kritik özellik seçmesini isteyin ve öngörülen kontrolleri yaptığını doğrulayın. - Belirtilen ölçüm cihazının ve doğru iş talimatının gerçekten kullanıldığını ve uygulandığını kontrol sırasında operatörü gözlemleyerek doğrulayın. | AD47: X | AE47: X | AF47: X
G48: X | K48: X | L48: PPC12 | M48: Tüm kontrol kayıtları, Kontrol Planına uygun olarak standart formlar veya bilgi sistemleriyle belgelenmektedir. | N48: Kontrol edin: - Kayıtların okunaklı ve erişilebilir olması - Örnek kayıtlardaki numune büyüklüğü ve sıklığın kontrol planı gereklilikleriyle uyumu - Kontrol grafikleri kullanılıyorsa operatörden kullanımını açıklamasını isteyin (alarm sınırlarının nasıl kullanıldığını görmek için PPC22 ile çapraz kontrol edin). | AD48: X | AE48: X | AF48: X
G49: X | K49: X | L49: PPC13 | M49: Uygunsuzluk durumunda Kontrol Planında tanımlanan reaksiyon planına göre aksiyonlar uygulanmaktadır. | N49: Kontrol edin: - İstasyondaki güncel uygunsuzluk kayıtlarını inceleyin; belgelenmiş aksiyonları (sınırlama, ürün kararı, onaylar) doğrulayın ve operatörden reaksiyon/eskalasyon adımlarını açıklamasını isteyin. - NOK parçalar açıkça etiketlenmiş, ayrılmış (hurda/karantina) ve kaydedilmiş olmalıdır. SW3 uyumunu ve izlenebilirlik/sistem blokaj durumunu doğrulayın. - STLA'ya uygunsuz ürün sevk etme riskinin nasıl yönetildiğini kontrol edin. Müşteri şikâyet veya 3CPR kayıtlarını inceleyin ve FR3 ile çapraz kontrol edin. | AD49: X | AE49: X | AF49: X
H50: X | K50: X | L50: PPC14 | M50: Ürünün yeniden yeterlilik onayı DVP&R temelinde tanımlanmış ve Kontrol Planına dahil edilmiştir. | N50: Kontrol edin: - Yıllık veya düzenli doğrulama gerekliliklerinin (ör. fonksiyon testleri) doğru sıklık, numune sayısı, test/yöntemle Kontrol Planında tanımı - Tedarikçinin gerekli tüm dokümanları saklaması ve Stellantis'e sunması | AD50: X | AF50: X
A51: PPC2 | B51: Kontrol Cihazlarının ve Prosesin Yeterliliği | G51: X | K51: X | L51: PPC21 | M51: Kontrol cihazlarının yeterlilik değerlendirmeleri (ör. ölçüm sistemi R&R, sapma, doğrusallık, kararlılık vb.) belirlenmiş; ekipmanlar planlı sıklıkta sertifikalandırılmakta/kalibre edilmektedir. | N51: Yer: Laboratuvar Katılımcılar: Laboratuvar Yöneticisi ve/veya Kalite Yeterliliğin STLA gerekliliklerine göre doğrulandığını kontrol edin (eğitim materyaline bakın). Proje aşamasında (PPQ): - Ölçüm cihazının yeterlilik onayı için bazı kritik özelliklere veya teknik resim özelliklerine ait R&R çalışmasını isteyin (APQP teslimatlarıyla bağlantılı). Seri üretimde (MPA): - Kritik bir ölçüm cihazına ait R&R sonucunu isteyin. - Tedarikçi R&R çalışmasını ne zaman başlatıyor (ör. yeni operatör)? - R&R performansını koruma stratejisi var mı (cihaz kalibrasyonu, operatör eğitimi)? - Yeterliliği uygun olmayan veya kalibrasyon tarihi geçmiş ölçüm araçlarıyla kontrol edilen parçaların nasıl yönetildiğini kontrol edin (ör. yazılım için hat sonu test cihazları). | AD51: X | AE51: X | AF51: X
G52: X | K52: X | L52: PPC22 | M52: Yüksek riskli/etkili proseslerde (en az kritik veya önemli özelliklerde) proses yeterliliğini belirlemek için yeterlilik değerlendirmeleri yapılmaktadır. | N52: - Yeterlilik ve örnekleme kuralları QRS'te belirtilen STLA gerekliliklerine uygun olmalı; PIS / PCP yeterlilik hedefleri karşılanmalıdır. - Cp/Cpk yeterlilik çalışması ilk PPAP sunumunda yapılmalı ve seri üretim boyunca sürdürülmelidir (sıklıklara bakın). - İstenen kritik özellikler veya önemli teknik resim özellikleri (güvenlik ve kritik özellikler) yeterlilik çalışmasına dahil edilmelidir. | AD52: X | AE52: X | AF52: X
G53: X | K53: X | L53: PPC23 | M53: Proses kararlılığı izlenmekte ve yeterli olmayan prosesler için reaksiyon planı uygulanmaktadır. | N53: Kontrol edin: - Proses kararlılığını izleme stratejisi uygulanıyor ve kontrol sıklıkları PIS (PCP) ile uyumlu tutuluyor mu? - Kritik özelliklerden yeterliliği düşük olanlara yönelik aksiyon planları belgelenmiş mi? - Değişken veri toplanabilen tüm güvenlik özelliklerinde SPC uygulanmalıdır (kritik özellikler için de önerilir). - SPC uygulanıyorsa kontrol sınırları grafiklerde tanımlanmış, sonuç değerlendirmesi, analiz ve reaksiyon planıyla yönetiliyor mu? - SPC uygulanmıyorsa yeterlilik çalışmalarını gözden geçirmek için açık kurallar var mı (düzenli inceleme, yüksek hurda oranı, müşteri şikâyeti, proses değişikliği, büyük bakım sonrası vb.)? | AD53: X | AE53: X | AF53: X
H54: X | K54: X | L54: PPC24 | M54: Numune büyüklükleri, sıklıklar ve/veya kontrol sınırları yeterlilik sonuçlarının eğilimlerine göre düzenli incelenmektedir. | N54: Kontrol edin: - Sınırların yeniden hesaplanmasını gerektiren eğilim/desenler - Sürekli iyileştirme için düzenli kontrol incelemesi (ör. yıllık) - Numune büyüklüğü ve sıklığın proses yeterliliğine uyumu | AD54: X | AF54: X
A55: PPC3 | B55: Güçlendirilmiş Kontroller (Güvenli Devreye Alma) | G55: X | K55: X | L55: PPC31 | M55: Yeni ürün devreye almalarını veya mevcut üretim proseslerini güvenceye almak için önleyici sınırlama önlemleri tanımlanmış ve kullanılmaktadır. | N55: Kontrol edin: - Prosedürün dikkate alınması - Aşağıdaki önleyici tedbirler: * Tüm yeni/değiştirilmiş parçalar veya büyük proses değişiklikleri * Planlı/plansız tesis duruşu sonrası uygulamalar * Çıkış kriterlerinin GSQN.004/01598_22_01972 'Önleyici Sınırlama' prosedüründeki Stellantis gerekliliklerine (süre) uyması * Tier 2 tedarikçilere aktarılması Not: Yalnızca PPAP kabul durumu 'A' alınması, önleyici sınırlama uygulamasından çıkış koşulunu karşılamaz. | AD55: X | AE55: X | AF55: X
G56: X | K56: X | L56: PPC32 | M56: Üretim sahasında önleyici sınırlama uygulanmakta ve belgelenmektedir. | N56: İş istasyonunda kontrol edin: - Operatörün standarda uyması - Önleyici sınırlama alanlarının açık tanımlanması (operasyon sırası ve görsel yönetim) - Uygun çalışma koşulları (ör. yeterli aydınlatma, gürültü düzeyi) - Standart iş talimatları (ör. görsel yardımcılar ve sınır numuneleri) - Eğitimli operatörler - AQR entegrasyonu - Kontrol kayıtları Seri üretimde, denetim sırasında aktif önleyici sınırlama yoksa tedarikçi normalde nerede yapıldığını ve son kayıtlarını gösterebilmelidir. | AD56: X | AE56: X | AF56: X
G57: X | K57: X | L57: PPC33 | M57: Reaksiyon planları tanımlanmış ve uygulanmaktadır. | N57: Kontrol edin: - Operatör reaksiyon planını biliyor mu? - Gerçek zamanlı sonuçlar takip edilip hızlı müdahale toplantılarına dahil ediliyor mu? - Sahadaki sapmalara anında müdahale edilip kayıt altına alınıyor ve eskalasyon yapılıyor mu? | AD57: X | AE57: X | AF57: X
H58: X | K58: X | L58: PPC34 | M58: Güçlendirilmiş kontrollerin hat kapasitesine etkisi doğrulanmıştır. | N58: Kontrol edin: - Önleyici sınırlamanın üretimi yavaşlatmayacak ölçekte olması (ör. darboğaza etkisi) - Güçlendirilmiş kontrolleri içeren CAT çalışması yapılması | AD58: X | AF58: X
A59: PPCE | B59: Etkinlik - Parça ve Proses Kontrolü | G59: X | K59: X | L59: PPCE | M59: Güvenli devreye alma ve kontrollü sevkiyat süreçlerinin etkinliğini sağlayan kontrol süreci vardır. | N59: Kontrol edin: - Güçlendirilmiş kontrol dönemindeki müşteri şikâyeti sayısı - Çıkış kriterine ulaşma oranı (ör. ardışık hatasız gün) - Güçlendirilmiş kontrol sayısının yönetimce düzenli incelenmesi | AF59: X
A60: Üretim Başlangıcı ve Hata Önleme Yönetimi | AD60: 1 | AF60: 1
A61: SP&EP1 | B61: Üretim Başlangıcı | G61: X | K61: X | L61: SP&EP11 | M61: Başlatma prosedürü tanımlanmış; her başlangıçta ve önemli olaylardan sonra (vardiya değişimi, parça numarası değişimi, bakım müdahalesi, üretim duruşu) uygulanmaktadır. Başlangıcı onaylamak için standart kontrol listesi kullanılmaktadır. | N61: Kontrol edin: - Başlatma kontrol listesinin kontrol planıyla uyumu - Yetkisiz değişiklikleri önlemek için makine parametrelerinin tanımlanması, doğrulanması, kilitlenmesi ve güvenceye alınması (ör. parola koruması) - Yazılım sürümünün veya kalibrasyonun son talebi karşıladığını kontrol eden adım bulunması - İstasyonda başlatma simülasyonu yapılarak kontrol listesiyle karşılaştırılması - Kritik veya güvenlik özelliklerinde hatalı test numunesi (red rabbit) doğrulaması yapılması | AD61: X | AE61: X | AF61: X | AJ61: X | AK61: X | AL61: X
G62: X | K62: X | L62: SP&EP12 | M62: Başlatma kontrol listesinin izlenebilirliği sağlanmış, kontrol ve ölçümler kaydedilmiş; sapma durumunda reaksiyon planı doğrulanmıştır. | N62: Geçmiş başlatma kayıtlarında aşağıdakileri doğrulayın: - Kesin başlangıç tarihinin belgelenmesi - Ayar parametrelerinin kaydedilmesi ve tolerans içinde olması - İlk parça sonuçları - Sapma varsa aksiyon başlatılması ve sonucun doğrulanması | AD62: X | AE62: X | AF62: X | AJ62: X | AK62: X | AL62: X
G63: X | K63: X | L63: SP&EP13 | M63: İlk parça kontrolleri başlatma prosedürüne göre yapılmaktadır. Uygun olduğunda fiziksel parçaların saklanmasına ek olarak ölçüm raporları ve kayıtların izlenebilirliği korunmaktadır. | N63: Kontrol edin: - Kayıtlar ve uygunsa fiziksel parça - İlk parçaların ayrılması ve görsel tanımlanması - İlk parçanın üretim serisi/vardiya sonuna kadar saklanıp onaylı son parçayla karşılaştırılması | AD63: X | AE63: X | AF63: X | AI63: X | AJ63: X | AK63: X | AL63: X
H64: X | K64: X | L64: SP&EP14 | M64: İlk parça kontrolleri saklanır ve önceki üretim serisinin son parça doğrulamasıyla karşılaştırılır. | N64: Kontrol edin: - Başlangıç doğrulaması için Kontrol Planında son parça gerekliliği - İlk parça kontrollerinin önceki seri kontrolleriyle karşılaştırılması | AD64: X | AF64: X
A65: SP&EP2 | B65: Hata Önleme Yönetimi | G65: X | K65: X | L65: SP&EP21 | M65: Tüm hata önleme cihazları listelenmekte ve yönetilmektedir. | N65: Kontrol edin: - Sahadaki EP cihaz tanımlarının EP listesiyle uyumu - Ana referans numunelerin tanımı, korunması, kolay erişimi, depolanması ve kalibrasyonu - EP'nin PFMEA'ya göre uygulanması ve etkinliği (RR1 ve RR2 ile çapraz kontrol) - Kritik özelliklerin (ör. PCP veya PIS) şartnamesiyle çapraz kontrol | AD65: X | AE65: X | AF65: X | AJ65: X
G66: X | K66: X | L66: SP&EP22 | M66: Hata önleme cihazları, ana hat olayları (parça numarası değişimi, bakım müdahalesi ve üretim duruşu gibi) dahil tüm başlangıçlarda ve proses kontrol planına göre kontrol edilmektedir. | N66: Kontrol edin: - Hata önleme doğrulamasına katılın; proses ve dokümantasyonu kontrol ederek operatörün hata önleme kontrollerini atlamasının veya devre dışı bırakmasının mümkün olmadığını doğrulayın. - EP cihazı arızalanırsa makinenin otomatik kilitlendiğini ve parça üretemediğini doğrulayın. - Güvenlik bileşenlerinde red rabbit doğrulaması operatöre bağlı olmamalı ve makine tarafından kilitlenmelidir. | AD66: X | AE66: X | AF66: X | AJ66: X
G67: X | K67: X | L67: SP&EP23 | M67: Tüm EP hataları belgelenmeli ve tanımlı reaksiyon planları uygulanmalıdır. | N67: Kontrol edin: - Operatörün reaksiyon planını bilmesi - Hata önleme arızasının vardiya defteri, FR toplantısı vb. aracılığıyla eskale edilmesi - EP hataları zamanında giderilemezse alternatif kontrol yönteminin tanımlanıp STLA Tedarikçi Kalite Temsilcisince onaylanması | AD67: X | AE67: X | AF67: X | AJ67: X
H68: X | K68: X | L68: SP&EP24 | M68: Ana numuneler/red rabbit dahil EP görsel yönetimi uygulanmaktadır. | N68: Kontrol edin: - İstasyonda EP'nin açık görsel tanımı - EP ana numuneleri ve hatalı referans parçaların (red rabbit) renkli açık tanımı; yanlışlıkla kullanımı önleyen özel alanda uygun depolanması | AD68: X | AF68: X | AJ68: X
A69: SP&EP3 | B69: Seviye 1 Bakım | G69: X | K69: X | L69: SP&EP31 | M69: Seviye 1 (L1) bakım operasyonları tanımlanmış; ekipman tanımı, temizlik, otonom bakım ve güvenlik cihazı doğrulamasını kapsamaktadır. | N69: İş istasyonunda operatörlerle birlikte: L1 bakım iş talimatlarını kontrol edin. | AD69: X | AE69: X | AF69: X | AJ69: X
G70: X | K70: X | L70: SP&EP32 | M70: L1 bakım, üretimin sorumluluğunda operatörün iş istasyonunda yapılmaktadır. | N70: İş istasyonunda operatörlerle birlikte: Kayıtları, prosedürü ve L1 işlemlerinin istasyon iş talimatlarına dahil edildiğini kontrol edin. | AD70: X | AE70: X | AF70: X
G71: X | K71: X | L71: SP&EP33 | M71: Her sapma ve anormallik kaydedilmekte, gerektiğinde daha üst seviye bakım faaliyetine eskale edilmektedir. | N71: İş istasyonunda operatörlerle birlikte: L1 bakım kayıtlarındaki sapmaları kontrol edin. | AD71: X | AE71: X | AF71: X | AJ71: X
H72: X | K72: X | L72: SP&EP34 | M72: Kayıtlar analiz edilir ve bakım operasyonlarını geliştirmek için öğrenilen ders olarak kullanılır. | N72: Devam eden sorunları, aksiyon planlarını, öğrenilen dersleri ve yaygınlaştırmayı kontrol edin. | AD72: X | AF72: X
A73: SP&EPE | B73: Etkinlik - Bakım | G73: X | K73: X | L73: SP&EPE1 | M73: Başlangıç kaynaklı duruşların ve/veya reddedilen parçaların takibi. | N73: Kontrol edin: - Başlangıç kaynaklı duruş ve OEE sonuçlarının ilişkisi - Kök nedeni başlangıç olan ret parçalar/hurda oranı - KPI hedeflerine yönelik aksiyon planı | AF73: X
A74: Garanti Sorunlarının Yönetimi | AF74: 2
A75: WIM1 | B75: Organizasyon ve İşlem Süreci (İade Parçalar) | G75: X | L75: WIM11 | M75: Son müşteri garanti taleplerini, müşteri gerekliliklerine göre süreler içinde etkin yönetmek için bir süreç bulunmakta ve garanti KPI takibiyle desteklenmektedir. | N75: Kontrol edin: - Prosedür ve standartların tanımlanması - Aşama sürelerini içeren kriz yönetimi kontrol listesinin tanımlanıp kullanılması - STLA 3MIS KPI'nın Hızlı Müdahale alanında sergilenmesi - Tedarikçinin garanti yönetimi performansına ait iç KPI'larının Hızlı Müdahale veya benzeri alanda sergilenmesi - Paynter grafiklerinin kullanımı ve günlük şikâyet inceleme faaliyeti kanıtları | AE75: X | AF75: X
G76: X | L76: WIM12 | M76: Bir koordinatör belirlenmiş ve görevi resmîleştirilmiştir. Tedarikçi müşteri garanti sistemine erişmelidir. Portal, ilgili olaylar için günlük kontrol edilir. | N76: Kontrol edin: - Tedarikçiden STLA garanti sistemlerine erişim kanıtlarını isteyin ve topladığı verilerle karşılaştırın. - Koordinatörün şikâyet/Bayi Alacaklarının Pareto dağılımını bildiğini doğrulayın. - Tedarikçi garanti portalına (EWT/PRAS+/B2B Spot/Supply Power) her gün erişmelidir. | AE76: X | AF76: X
G77: X | L77: WIM13 | M77: Şüpheli parçaların iadesi müşteriyle en kısa sürede organize edilmeli; teslim alma, depolama ve kayıt süreçleri yönetilmelidir. | N77: Kontrol edin: - Zaman planı açıkça belirlenmiş ve yönetiliyor mu? - Nakliye sağlayıcısıyla resmî sözleşme var mı (ör. DHL, TNT, Chronopost vb.) veya bölgesel QEC merkeziyle yönetiliyor mu? | AE77: X | AF77: X
F78: X | H78: X | L78: WIM14 | M78: Tier N tedarikçi garanti şikâyetinden etkilenirse doğrudan dahil edilir ancak sorumlu Tier 1 tarafından yönetilir. (Tier N ile doğrudan sözleşme bulunması istisnadır.) | N78: Tier N garanti sorununun çözümü hakkında Tier 1'e nasıl geri bildirim verildiğini kontrol edin. Planlanan/uygulanan aksiyonlar nelerdir (toplantı, analiz, denetim kanıtları vb.)? | AF78: X
A79: WIM2 | B79: Ön Analiz Aşaması | G79: X | L79: WIM21 | M79: Analiz için gerekli mühendislik ve kalite kaynakları belirlenmiş ve hazırdır. | N79: Bir örnek üzerinden kontrol edin: - Düzenli toplantıların ve tanımlı hedeflerin bulunması - Problem çözümünü destekleyen özel teknik uzmanlığın (iç/dış) bulunması | AE79: X | AF79: X
G80: X | L80: WIM22 | M80: Garanti taleplerine anında sınırlama önlemleri uygulanmaktadır. | N80: Kontrol edin: - Tedarik edilen bileşenler mevcut teknik şartnameye uygun görünse bile tedarikçi, OEM'e kök neden belirlemede destek oluyor mu (ör. daraltılmış toleranslı kontrollü partiler)? - Tedarikçinin Kontrol Planındaki kontroller uygulanıyor ve garanti hata türleri/PFMEA puanlamasıyla uyumlu mu? | AE80: X | AF80: X
G81: X | L81: WIM23 | M81: Ön analiz süreleri şikâyetin ciddiyetiyle ilişkilidir. Analiz standardı (kontrol listesi), gereken tüm proses adımlarını kapsaması için düzenli gözden geçirilir. | N81: Bilgi: Bu bölüm GSQN001, bölüm 5.1.2 ile uyumludur. Kontrol edin: - Tedarikçi, garanti hatasını yeniden oluşturmak için bileşen/montajı yeniden doğruluyor ve mevcut şartnameyi tekrar değerlendiriyor mu (ör. hata türü ortadan kalkana kadar daraltılmış toleranslar)? - Kontrol Planıyla çapraz kontrol yapın. - Ürün uygunluğu: Kontrol Planı kontrolleri uygulanıyor ve PFMEA'daki garanti hata türleriyle uyumlu mu? - Mevcut kontroller/standart iş/ekipman belirtilen şekilde mevcut mu? | AE81: X | AF81: X
H82: X | L82: WIM24 | M82: Ön analiz standardı/süreci ve kök neden analizi süreci her sorun sonrası iyileştirme fırsatları için incelenmektedir. | N82: Garanti sorunları sonrasında standardın güncellendiğini kontrol edin (güncel revizyon geçmişi). | AF82: X
A83: WIM3 | B83: Müşterinin Korunması | G83: X | L83: WIM31 | M83: Garanti sorununa yanıt olarak PFMEA incelemesi sonrasında Kontrol Planı güçlendirilir. | N83: Kontrol edin: - PFMEA - Kontrol edilen parça sayısının artırılması - Proses/tasarım tolerans sınırlarının incelenmesi - Kontrol sıklığının artırılması - LPA sıklığının artırılması - İlave özellikler - PPC ile çapraz kontrol | AF83: X
G84: X | L84: WIM32 | M84: Garanti sorununa neden olduğu/olabileceği belirlenen istasyonda KPI'ları gösteren ve performansı izleyen görsel yönetim vardır. | N84: Kontrol edin: - Özel görsel yönetim alanı (özel totem/taşınabilir pano) - Ishikawa yöntemine göre özel takip çizelgesi | AF84: X
G85: X | L85: WIM33 | M85: Tedarikçi, etkilenebilecek OEM tesislerini belirlemiş ve iletişime geçmiştir. Yedek parça stoku dikkate alınır (uyarı ve güvence altına alınmış parti). | N85: Kontrol edin: - STLA montaj tesisinin olası etkiler konusunda bilgilendirilmesi - Partinin reaksiyon süresi prosedürüne göre tüm tedarik zincirinde ayrılması | AF85: X
H86: X | L86: WIM34 | M86: Gerektiğinde ilgili onarım talimatı, Teknik Servis Bülteni (TSB), satış sonrası onarım ağı vb. tanımında STLA'ya destek verilir. | N86: STLA bayileri (0 km)/satış sonrası (müşteri iadesi) ile düzenli toplantı yapıldığını kontrol edin. | AF86: X
A87: WIME | B87: Etkinlik - Garanti Sorunlarının Yönetimi | G87: X | L87: WIME1 | M87: Garanti performans göstergeleri | N87: Kontrol edin: KPI: Hizmette ilk 3 ay PPM'i ve farklı kullanım aylarındaki (MIS) garanti şikâyeti sayısı | AF87: X
A88: Standartlaştırılmış İş | AD88: 1 | AF88: 1
A89: SW1 | B89: İş Yeri Düzeni ve Standartlaştırılmış İş (SW) | G89: X | K89: X | L89: SW11 | M89: Tüm iş yerlerinin düzenlenmesi için sistematik yaklaşım uygulanmaktadır. | N89: Kontrol edin: - Güvenlik standartları korunuyor mu (ör. KKD, saha içi trafik, presleme/ergitme gibi proses riskleri)? - Ürün koruma standartları korunuyor mu (ör. ESD, hasar, kirlenme)? - Yerleşim, malzeme eksikliği veya yanlış bileşen kullanımını önleyen iç bileşen stoklarını içeriyor mu? - Tüm konumlar doğru tanımlı mı (öncelikle yeniden işleme, giriş, hurda, ölçüm cihazı depoları)? - İstasyon düzeni yerleşimle uyumlu mu? - FIFO, görsel yönetim, temizlik, ergonomi ve proje gizliliğine uyuluyor mu? - Alanda yalnızca gerekli ve düzenli kullanılan ekipman, takım ve malzeme bulunuyor mu? Tekrarlanabilirlik için farklı alanları kontrol edin (öncelikle yeniden işleme, giriş/depo, iş istasyonları ve bakım odası). | AD89: X | AE89: X | AF89: X | AH89: X | AI89: X | AJ89: X
G90: X | K90: X | L90: SW12 | M90: Standart İş Talimatları (SWI) iş istasyonunun yakınında bulunmaktadır. | N90: Kontrol edin: - İş talimatları teslim almadan bitmiş ürün sevkiyatına kadar tüm parça numaralarını ve operasyonları kapsıyor mu? Yeniden işleme (STLA ile paylaşılmış ve doğrulanmış), üretim, kalite kontrol, malzeme taşıma/lojistik dahil olmalıdır. - Operatörler kolay erişebiliyor mu (göstermelerini isteyin)? | AD90: X | AE90: X | AF90: X | AI90: X | AJ90: X
G91: X | K91: X | L91: SW13 | M91: SWI tüm iş öğelerini kapsar, yeterince ayrıntılıdır ve kontrol planıyla uyumludur. Operatör SWI'ya uymaktadır. | N91: Kontrol edin: - İstasyon yerleşimi ve takt/çevrim süresi - Kritik özelliklerin tanımlanması - Kontrol planıyla uyum: operasyon adı, kontrol sırası ve takımlar - PIS sırasında onaylanan ana numune kitabının bulunması - İşin görsellerle yeterince açıklanması (fotoğraflar, zemin işaretleri vb.) - Bazı operatörlerden SWI'yı açıklamalarını isteyin; ana adım ve kritik noktaların anlaşıldığını doğrulayın. - İstasyonda üç tam çevrim gözlemleyin; talimata uyumu ve SWI'da yer almayan yeniden işleme olup olmadığını kontrol edin. - SWI'nın operasyon tekrarlanabilirliğini sağlayacak yeterlilikte olup olmadığını değerlendirin. - SWI'daki KKD ve güvenlik gerekliliklerine uyumu kontrol edin. | AD91: X | AE91: X | AF91: X | AI91: X | AJ91: X | AK91: X | AL91: X
H92: X | K92: X | L92: SW14 | M92: Ürün ve proses değişiklikleri için SWI'lar düzenli incelenmektedir. | N92: Kontrol edin: - Proses değişikliği sonrasında SWI incelemesi (ör. şikâyet, iyileştirme sonrası) - Güncelleme yeterliliğini doğrulamak için birden fazla SWI | AD92: X | AF92: X | AJ92: X | AK92: X | AL92: X
A93: SW2 | B93: Özel Proses | G93: X | K93: X | L93: SW21 | M93: Yeniden işlenen her parça bir tanımlayıcıyla izlenebilmelidir (ör. işaret, aynı cihaz/çipset üzerinde yeniden yazılan seri numarası). Yeniden işleme bekleyen parçalar şüpheli parça olarak ele alınmalıdır. | N93: Kontrol edin: - Yeniden işleme/onarım sırasında karışma riskini önleyecek tam ayrım ve iş yeri düzeni - Standart yeniden işleme talimatlarında işaretleme kuralları - Operatörden yeniden işlenmiş bir parçayı örnek alarak süreci anlatmasını isteyin; yeniden işleme tanımlama sürecini anladığını doğrulayın. | AD93: X | AE93: X | AF93: X | AI93: X | AJ93: X | AK93: X | AL93: X
G94: X | K94: X | L94: SW22 | M94: Yeniden işlenmiş parçaların hatta tekrar alınması, tüm kontrol planı muayene ve testlerinin yapılmasını sağlayan önceki/sonraki kontrolleri ve tanımlamayı (renkli işaretleme, tarama vb.) içerir. | N94: Kontrol edin: - Parçaların hat kabul kriterlerine göre yeniden alınması - Yeniden işleme/onarım sonrası kalitenin proses ve ilgili SWI ile doğrulanması - Parça başına izin verilen çevrim sayısı ve takibi - Yeniden işlemenin izlenebilirliği | AD94: X | AE94: X | AF94: X | AJ94: X | AK94: X | AL94: X
G95: X | K95: X | L95: SW23 | M95: Özel proseslerin uygulanması ve parametreleri izlenmektedir. | N95: Kontrol edin: - İş talimatı parametreleriyle makine parametrelerinin uyumu (ısıl işlem, kaplama, kaynak, boyama vb.) - Parametrelerin kaydı (kontrol planıyla uyum) - AQR/CQI özel gerekliliklerinin SWI'ya dahil edilmesi | AD95: X | AE95: X | AF95: X | AJ95: X | AK95: X | AL95: X
H96: X | K96: X | L96: SW24 | M96: Özel istasyon/alan parametreleri izlenmektedir. | N96: Kontrol edin: - Tüm özel parametrelerin belirlenip kaydı (temiz oda, ön ısıtma sıcaklığı, kirlenme, laboratuvar nemi vb.) - Temiz oda/alan gerekiyorsa (partikül veya boyama gereği) kirlenme riskini azaltan özel kurallar - AQR özel gerekliliklerinin dikkate alınması | AD96: X | AF96: X | AJ96: X | AK96: X | AL96: X
A97: SW3 | B97: Uygun Olmayan Ürünün Yönetimi | G97: X | K97: X | L97: SW31 | M97: NOK veya şüpheli parçaları yönetmek için tüm organizasyonda tutarlı işaretleme ve görsel yönetim tanımlanıp uygulanmıştır. | N97: Üretim sahasında kontrol edin: - NOK ve şüpheli parça tanımlama sisteminin tüm alanlarda kullanılması (giriş, iş/kontrol istasyonları, yeniden işleme vb.) - Uygun parçalarla karışmayı önleyen görsel yönetim (zemin işaretleri, etiketler, renk kodları) - Operatör ve amirlerin uygunsuzluk tanımlama sistemini anlaması (ör. zemin işaretleri, etiketler, özel kutular, kırmızı etiket) | AD97: X | AE97: X | AF97: X | AI97: X | AJ97: X | AK97: X | AL97: X
G98: X | K98: X | L98: SW32 | M98: Tüm şüpheli parçalar ayrılmakta (karantina), kaydedilmekte ve yönetilmektedir. | N98: Kontrol edin: - Operatörlerin NOK parçaları nasıl yönettiği (açıklamalarını isteyin) - Önceden üretilmiş ve şüpheli kabul edilen parçaların nasıl sınırlandırılıp karantinaya alındığı - İstasyon NOK kutularının uygun boyutlu ve kilitli olması; kilitlenemiyorsa açık tanımlanıp yönetilmesi (ör. büyük parçaların imhası veya kırmızı işaretleme) - Karantina alanının kilitli ve yetkili kişi listesinin bulunması - Karantina alanında miktar ve tarihlerin belgeli listesi | AD98: X | AE98: X | AF98: X | AI98: X | AJ98: X | AK98: X | AL98: X
G99: X | K99: X | L99: SW33 | M99: Sınırlama süreci, müşteriyi güvenceye almak ve uyarmak için tüm olası konumlardaki uygunsuz ürün miktarlarının kontrolünü içerir. | N99: Tedarikçiden sınırlama çalışma sayfasını da doldurarak tam kapsamlı sınırlama doğrulaması simülasyonu yapmasını isteyin. Kontrol edin: - Sıralama tesisleri ve üretim dışı alanlar (ör. laboratuvar, Ar-Ge) dahil tüm olası konumların belirlenmesi - Fiziksel ve sistemsel miktarların kontrolü - BT sistemi değişikliğinde sınırlamanın yeniden kontrolü Bir örnek üzerinden: - İlk onaylı parti etiketinin/teslimat numarasının STLA şikâyet sistemine doğru kaydı - Onaylı OK partinin STLA tarafından kolay tanınması için özel etiketle işaretlenmesi | AD99: X | AE99: X | AF99: X
H100: X | K100: X | L100: SW34 | M100: Sınırlama aksiyonları takip edilmektedir. | N100: Kontrol edin: - Takip formunda kapanış tarihleri ve sorumlu ekip üyeleri - İlave uygunsuzlukta daha fazla uygunsuz parça/malzeme sevkini önleyen yeterli aksiyon | AD100: X | AF100: X
...

Sheet Talimat ve Eğitim
C1: Denetim Talimatı ve Eğitim Materyali
A3: Tedarikçi Gereklilikleri (MRS) denetim formu, üç denetim türünü kapsayan ortak bir soru listesidir:
B4: 1) | C4: NSA - Yeni Tedarikçi Değerlendirmesi
D5: Potansiyel tedarikçinin üretim sistemini değerlendiren kapsamlı sistem incelemesidir. Her 'Gereklilik' için tedarikçinin hazırlık durumu değerlendirilmelidir. Sonuç bir risk değerlendirmesidir ve tedarikçi seçim kararını etkiler. Tedarikçi seçilirse tüm aksiyonlar tamamen kapanana kadar aksiyon planı PPQ boyunca izlenip güncellenmelidir.
B6: 2) | C6: MPA L1 ve L2 - Seri Üretim Değerlendirmesi
D7: MRS 'Gerekliliklerinin' sahada uygulanmasına odaklanan ve doğrulayan kısmi veya tam üretim sistemi değerlendirmesidir. Soru listesindeki tüm 'Gereklilik Kriterleri' değerlendirilmelidir. Projeyle ilişkili MPA'larda tüm aksiyonlar tamamen kapanana kadar aksiyon planı PPQ boyunca izlenmelidir.
B8: 3) | C8: PPQ - Aşamalı Proses Yeterlilik Onayı
D9: Nihai ürünün gerekliliklere uygunluğunu sağlayacak proses ve kontrollerin mevcut olduğunu doğrulayan ürüne özel aşamalı değerlendirmedir. Ürün, prosesler veya denetim kapsamıyla ilişkili gereklilikler değerlendirilmelidir. Tüm proje aşamaları önceden oluşturulmuş ve hazırdır. BizChat hakkında geri bildirim verin Cümleyi daha resmî hâle getir / E-postaya uygun sürüm öner / Profesyonel bir üslupla İngilizceye çevir | O9: Eğitim materyaline ilişkin eğitim
P10: Temel Unsur (MRS Denetimi Bölümü) | Q10: Referans
A11: Denetim alanları | P11: 00 - Giriş: Eğiticinin eğitimi | Q11: 01601_13_00335
B12: Gereklilik | P12: 01 - Tesis Kurumsal Yönetimi | Q12: 01601_13_00342
C13: Gerekliliğin amacının genel tanımı. | P13: 02 - Grup Kurumsal Yönetimi | Q13: 01598_21_03251
B14: Gereklilik Kriterleri | P14: 03 - Hızlı Müdahale | Q14: 01601_13_00115
C15: Gerekliliğin maddeler hâlinde ayrıntılı açılımı. | P15: 04 - Parça ve Proses Kontrolü | Q15: 01598_17_00486
C16: Temel kriterler/göstergeler kalın yazıyla belirtilir; zorunlu temel gereklilikleri kapsar. | P16: 05 - Üretim Başlangıcı ve Hata Önleme Yönetimi | Q16: 01601_13_00117
C17: İlave kriterler/göstergeler normal yazıyla belirtilir; ek gereklilikleri kapsar (önerilen iyi uygulamalar). | P17: 06 - Garanti Sorunlarının Yönetimi | Q17: 01598_20_06338
C18: Açıklama ve örnekler sunumlarda ve eğitim materyalinde bulunabilir. | P18: 07 - Standartlaştırılmış İş | Q18: 01601_13_00119
B19: İncelenecek Hususlar | P19: 08 - Uygun Olmayan Ürünün Kontrolü | Q19: 01601_13_00116
C20: Gereklilik Kriterlerine ek olarak neyin, nasıl kontrol edileceğine ilişkin denetçi ipuçları ve teknikleri. | P20: 09 - Risk Azaltma | Q20: 01601_13_00123
B21: Yorum | P21: 10 - Değişiklik Yönetimi | Q21: 01601_13_00155
C22: Kanıt ve uygunsuzluk notları her kriter için güncellenmelidir (kanıtlar, bağlam vb.). | P22: 11 - Bakım | Q22: 01601_13_00125
B23: Aksiyon planı | P23: 12 - Üretim ve Malzeme Akışı Yönetimi | Q23: 01601_13_00157
C24: %100'ün altındaki tüm denetim sonuçları için doldurulmalıdır. | P24: 13 - Giriş Lojistiği | Q24: 01601_13_00158
P25: 14 - Çıkış Lojistiği | Q25: 01598_21_03264
A26: Puanlama: Genel Kurallar | P26: 15 - Katmanlı Proses Denetimi | Q26: 01601_13_00154
C27: Her kriter ayrı değerlendirilir.
B28: Durum | C28: Gerekliliğin uygulanmasına ilişkin puanlama | F28: Etkinlik puanlaması
B29: OK | C29: Uygun Kriter karşılanmış (standartlaştırılmış ve tamamen uygulanmış). | F29: Uygun Gösterge tanımlı, hedefi belirli ve takip ediliyor. Sapmalar aksiyon planlarıyla yönetiliyor.
B30: NOK | C30: Uygun değil Kriter karşılanmamış (standartlaştırılmamış ve/veya tamamen uygulanmamış). | F30: Uygun değil Gösterge uygulanmıyor (tanımlanmamış veya takip edilmiyor).
B31: NR | C31: Kriter incelenmedi (sonraki STLA incelemesinde değerlendirilecek). | F31: Kriter incelenmedi (sonraki STLA incelemesinde değerlendirilecek).
B32: NA | C32: Kriter uygulanamaz (gerekçelendirilmelidir). | F32: Kriter uygulanamaz (gerekçelendirilmelidir).
